-- phpMyAdmin SQL Dump
-- version 5.2.1
-- https://www.phpmyadmin.net/
--
-- Host: 127.0.0.1:3306
-- Tempo de geração: 05/12/2023 às 02:41
-- Versão do servidor: 8.2.0
-- Versão do PHP: 8.2.13

SET SQL_MODE = "NO_AUTO_VALUE_ON_ZERO";
START TRANSACTION;
SET time_zone = "+00:00";


/*!40101 SET @OLD_CHARACTER_SET_CLIENT=@@CHARACTER_SET_CLIENT */;
/*!40101 SET @OLD_CHARACTER_SET_RESULTS=@@CHARACTER_SET_RESULTS */;
/*!40101 SET @OLD_COLLATION_CONNECTION=@@COLLATION_CONNECTION */;
/*!40101 SET NAMES utf8mb4 */;

--
-- Banco de dados: `jogo`
--

-- --------------------------------------------------------

--
-- Estrutura para tabela `escolha`
--

DROP TABLE IF EXISTS `escolha`;
CREATE TABLE IF NOT EXISTS `escolha` (
  `id_escolha` int NOT NULL,
  `texto_escolha` text,
  `fk_historia_id_cena` int DEFAULT NULL,
  PRIMARY KEY (`id_escolha`),
  KEY `FK_escolha_2` (`fk_historia_id_cena`)
) ENGINE=MyISAM DEFAULT CHARSET=utf8mb4 COLLATE=utf8mb4_0900_ai_ci;

--
-- Despejando dados para a tabela `escolha`
--

INSERT INTO `escolha` (`id_escolha`, `texto_escolha`, `fk_historia_id_cena`) VALUES
(1, '1-  Encontrar-se com Pietro na casa dele.', 1),
(2, '2- Organizar uma reunião com os líderes da comunidade.', 1),
(3, '1- Permanecer na cidade.', 4),
(4, '2- Partir com Pietro.', 4),
(5, '1- Ajudar o guerreiro.', 8),
(6, '2- Deixá-lo na estrada.', 8),
(7, '1- Chamar médicos da cidade.', 10),
(8, '2- Analisar o cadáver com Pietro.', 10),
(9, '1- Tentar intervir.', 12),
(10, '2- Sentar e esperar.', 12),
(11, '1- Estuda os sintomas de seu pai.', 16),
(12, '2- Pede para sua mãe cuidar de seu pai.', 16),
(13, '1. Ir atrás de seu pai.', 17),
(14, '2. Esperar.', 17),
(15, '1. Tentar passar pelo guarda.', 18),
(16, '2. Enfrentá-lo.', 18),
(17, '1. Ir atrás de seu pai.\r\n', 23),
(18, '2. Esperar.', 23),
(19, '1. Esperar novamente.', 24),
(20, '2. Procurar seu pai.', 24),
(21, '1. Acordar Sofia.', 27),
(22, '2. Investigar o barulho sozinho.', 27),
(23, '1- Chamar médicos da cidade.\r\n', 29),
(24, '2- Analisar o cadáver com Pietro.\r\n\r\n', 29),
(25, '1. Ir investigar.', 28),
(26, '2. Deixar quieto.', 28),
(27, '1. Falar com a mulher.', 33),
(28, '2. Chegar mais perto.', 33),
(29, '1. Fugir.', 35),
(30, '2. Perguntar quem é.\r\n', 35),
(31, '1. Adentrar mais na mata.', 36),
(32, '2. Seguir em frente.', 36),
(33, '1. Continuar o caminho.', 43),
(34, '2. Se abrigar próximo a rochas.', 43),
(35, '1. Vasculhar a casa.', 44),
(36, '2. Caçar algo.', 44),
(37, '1. Ficar.', 49),
(38, '2. Ir atrás de Pietro.', 49),
(39, '1. Chamar Pietro.', 53),
(40, '2. Chamar Sofia.', 53),
(41, '1. Pedir para Pietro ir.', 55),
(42, '2. Ir primeiro.', 55),
(43, '1. Explorar a área.', 56),
(44, '2. Tentar voltar.', 56),
(45, '1. Se esconder.', 57),
(46, '2. Continuar com cautela.', 57),
(47, '1. Tentar espreitar para outra sala.', 58),
(48, '2. Permanecer escondido.', 58),
(49, '1. Lutar contra o Monstro.', 59),
(50, '2. Tentar fugir.', 59),
(51, '1. Agachar.', 60),
(52, '2. Esquivar para a esquerda.', 60),
(53, '1. Tentar um ataque direto.', 61),
(54, '2. Jogar a adaga no monstro.', 61),
(55, '1. Tentar esquivar-se e buscar na sala alguma arma.', 62),
(56, '2. Tentar pegar a adaga no chão.', 62),
(57, '1. Bloquear.', 69),
(58, '2. Jogar a sua bolsa.', 69),
(59, '1. Bloquear baixo.', 74),
(60, '2. Estocar Pietro.', 74),
(61, '1. Esquivar.', 75),
(62, '2. Aparar.', 75),
(63, '1. Finalizá-lo.', 76),
(64, '2. Deixá-lo viver.', 76),
(75, '1. Esperar a morte chegar.', 95),
(76, '2. Achar uma resposta e tentar ajudar o seu pai.', 95),
(67, '1. Investigar o som misterioso.', 83),
(68, '2. Ignorar o som e sair imediatamente.', 83),
(69, '1. Explorar o túnel.', 84),
(70, '2. Retornar com a amostra.', 84),
(71, '1. Tentar convencê-la.', 86),
(72, '2. Iniciar um combate.', 86),
(73, '1. Continuar.', 89),
(74, '2. Tentar resolver pacificamente.', 89),
(77, ' 1. Continuar e ir para Florença.', 101),
(78, '2. Ir para casa para ver o que sua mãe quer.', 101),
(79, '1. Ficar deitado e esperar.', 105),
(80, '2. Abrir a porta e ver quem era.', 105),
(81, '1. Voltar a dormir.', 107),
(82, '2. Sair para fora.', 107),
(83, '1. Fugir.', 113),
(84, '2. Enfrentar o monstro.', 113);

-- --------------------------------------------------------

--
-- Estrutura para tabela `historia`
--

DROP TABLE IF EXISTS `historia`;
CREATE TABLE IF NOT EXISTS `historia` (
  `id_cena` int NOT NULL AUTO_INCREMENT,
  `conteudo_historia` text CHARACTER SET utf8mb4 COLLATE utf8mb4_0900_ai_ci,
  `imagem` varchar(255) DEFAULT NULL,
  PRIMARY KEY (`id_cena`)
) ENGINE=MyISAM AUTO_INCREMENT=118 DEFAULT CHARSET=utf8mb4 COLLATE=utf8mb4_0900_ai_ci;

--
-- Despejando dados para a tabela `historia`
--

INSERT INTO `historia` (`id_cena`, `conteudo_historia`, `imagem`) VALUES
(1, '<div class=\"texto\"><p>21 De Novembro de 1347</p><p>A personagem principal se chama Nicola Vincenzo. E este foi só mais um dia de trabalho, pesquisando sobre uma nova doença desconhecida que anda causando problemas nas cidades vizinhas, sem muito avanço nas pesquisas até então.</p></div><div class=\"fala\"><p>Nicola Vincenzo - Éhh, então, você teve algum avanço nas suas pesquisas? eu não consegui descobrir nada além do que já tínhamos. </p><p>Pietro Giaco - Nada fora do comum, sem uma cobaia será difícil ter mais detalhes, até agora só temos relatos e um corpo pútrido visto de longe.</p><p>Nicola Vincenzo - As coisas andam piorando não muito longe daqui, ouvi dizer que os sintomas são irreversíveis, então quanto mais rápido descobrirmos algo, melhor será, mas por hoje é só.</p></div><div class=\"texto\">Nicola então retorna ao local em que estava hospedado e descansa até o próximo dia. <p> 22 de Novembro de 1347 </p><p>Nicola acorda na manhã seguinte, ainda inquieto com as pesquisas e preocupado com a possível disseminação da doença. Ele decide então..</p></div>', '_8787d1c4-288e-4db3-9af4-f7176e356e2e.jpg'),
(3, '<div class=\"texto\"><p>Nicola então olha para Pietro e diz:</p></div><div class=\"fala\"><p>Nicola - O que você acha?</p><p>Pietro - (com um tom de preocupação) Nicola, essa situação é um pouco delicada. Acho que seria melhor se você assumisse a parte dos cuidados com Isabella, provavelmente a menina está sofrendo de algo não letal, deixarei os cuidados com você.</p><p>Nicola - Certo.</p></div><div class=\"texto\"><p>Pietro então conversa com o camponês e tenta tirar informações sobre a tal peste de ratos. Em meio a conversa, o camponês cita que esta peste está sendo popularmente chamada de peste negra em algumas cidades perto da costa do país.</p></div><div class=\"fala\"><p>Pietro - Peste negra? Interessante, agradeço as informações.</p><p>Nicola - Hein Pietro, acho que seria bom então pegarmos algum rato contaminado para pesquisá-lo, mesmo que seja perigoso, precisamos dar mais progresso às pesquisas.</p><p>Pietro -  Certamente. Então, você vai ficar? Eu preciso voltar para casa e reunir as informações que temos, e quem sabe amanhã buscar relatos de lugares com estes restos.</p><p>Nicola - Eu vou permanecer um pouco mais e continuar com os exames, lhe manterei informado sobre os resultados amanhã.</p><p>Pietro - Certo, mas não demore muito, iremos partir logo depois de amanhã</p></div><div class=\"texto\"><p>23 de Novembro de 1347</p><p>Pietro e Nicola se reúnem no dia seguinte.</p></div>', '_d6279e9a-1583-4e5c-a7df-6a152aec41f7.jpg'),
(2, '<div class=\"texto\">Nicola vai até a casa de Pietro, e ao chegar lá, discute e analisa os estudos que haviam feito. Em meio à discussão, escutam sons desesperados de batida na porta. Ao atenderem o chamado, um homem com um semblante preocupado e extremamente inquieto diz:</div><div class=\"fala\"><p>Homem - Minha filha não para de tossir! Está doente, já faz alguns dias. Não sei o que fazer, quando soube que havia uma peste de ratos comecei a me preocupar, e vim aqui procurar vocês!</p><p>Pietro - Ratos…!? Acho que podemos ajudar vocês. Leve-nos até sua filha e veremos o que podemos fazer.</p></div><div class=\"texto\">O homem rapidamente conduz os dois médicos até sua casa, onde encontram uma garota fraca e pálida deitada em uma cama. Ela está com a respiração ofegante e tosse de forma contínua.</div><div class=\"fala\"><p>Homem -  Aqui chegamos, por favor, ajudem a minha filha!</p></div><div class=\"texto\"><p>Nicola, com uma expressão séria, se aproxima da cama com cautela e com certa distância de onde a garota está deitada, e então começa a questionar a mesma.</p></div><div class=\"fala\"><p>Nicola - (com uma voz gentil) Olá, minha jovem. Meu nome é Nicola, e este ao meu lado é o médico Pietro. Estamos aqui para ajudá-la. Primeiro, preciso que me diga seu nome.</p>\r\n</div><div class=\"texto\">A garota, assustada, responde com uma voz fraca</div><div class=\"fala\"><p>Garota - Me chamo Isabella. Estou com tanto medo, doutor. Sinto-me com muita dor e fraqueza.</p>\r\n<p>Nicola - (tentando acalmá-la) Fique calma, Isabella, estamos aqui para cuidar de você. Você tem sentido o seu corpo muito quente?</p>\r\n<p>Isabella - Sim, doutor. Minha testa, principalmente, está quente, e sinto calafrios por todo o corpo, também ando tossindo demais.</p></div>', '_d6279e9a-1583-4e5c-a7df-6a152aec41f7.jpg'),
(4, '<div class=\"fala\"><p>Nicola - A garota não teve muita melhora, com os exames que fiz acabei descobrindo alguns sintomas estranhos a mais, havia algumas bolhas não muito grandes em algumas partes do corpo da garota. Tem alguma noção do que poderia ser?</p><p>Pietro - Acho que talvez seja pior do que pensávamos, quem sabe a tal da peste já não chegou aqui? Devíamos partir de imediato antes que tenhamos alguma exposição, não devemos tomar riscos desnecessários.</p><p>Nicola - Não diria que é uma boa ideia, a garota parece ser a única enferma daqui por enquanto, deixar ela neste estado seria crueldade, que tipo de pensamento egoísta é este, Pietro?</p><p>Pietro - Não é egoísmo, é amor à própria vida. Aliás, seu filho também já deve estar preocupado com você, tenho certeza que os resultados de nossa pesquisa já bastam, eu irei partir hoje a noite. Você vem ou não ?</p></div>', '_d6279e9a-1583-4e5c-a7df-6a152aec41f7.jpg'),
(5, '<div class=\"fala\"><p>Pietro - Você que sabe então…</p></div><div class=\"texto\"><p>Na noite deste dia, Pietro parte de volta para Tivoli, enquanto Nicola permanece e tenta ajudar nos cuidados da doente. Seus esforços foram em vão, pouco tempo depois de Pietro partir, ela não resiste e morre por conta da peste. Nicola pega as suas coisas, e com um semblante de fracasso no rosto parte em retorno para Tivoli.</p></div>', '_0c262130-54b9-4a2a-960c-6c00a80ff565.jpg'),
(6, '<div class=\"fala\"><p>Pietro - Certo, junte suas coisas e faça seus últimos afazeres na cidade, te espero ao anoitecer perto da alameda Frevoli, vou contratar um carroceiro para nos esperar lá.</p></div><div class=\"texto\"><p>Com um peso enorme na consciência, sabendo que deixou a garota para morrer, desamparada e sem esperanças, Nicola retorna junto de Pietro para Tivoli naquela noite, sem conseguir dormir.</p></div>', '_610d2647-5bba-4195-8a1f-499ad3d51989.jpg'),
(7, '<div class=\"texto\"><p>22 de Novembro de 1347</p> <p>Nicola e Pietro se reúnem com alguns vassalos, padres e médicos da região, e discutem sobre essa nova doença. Porém, os padres sem o entendimento necessário, dizem que essa doença foi causada para que Deus castigasse o povo. Os vassalos dos grandes nobres, querem fazer um tipo de quarentena na cidade, para que, se essa doença fosse contagiosa, não fosse espalhada para os moradores; e os médicos pediam por cobaias, para fazer melhor análise da doença.</p></div><div class=\"fala\"><p>Nicola - Não podemos ficar parados! Devemos tomar uma decisão sobre o que fazer.</p><p>Um dos médicos - Ouvi dizer sobre inchaços negros na pele.\r\n</p>O Padre interrompe no mesmo momento.\r\n</p><p>Padres - É demônio!</p><p>Pietro - Acredito que se cada um de nós fizer a sua parte, podemos ajudar, pelo menos, uma parte da cidade.\r\n</p><p>Um dos vassalos - Meu primo que mora mais perto do sul, veio para Roma. Disse que cidades estão sendo tomadas por essa febre com bolas negras no corpo.  Comentou também que essa doença tem envolvimentos com ratos. E muitas pessoas estão morrendo.\r\n</p><p>Padre - Convocarei os monges para que estejam em constante reza, aos cidadãos de Roma. Roma prevalecerá!</p><p>Pietro - Só não podemos assustar as pessoas, pois talvez o furdunço possa causar alguma rebelião.</p></div>', '_71725012-da4c-4744-8bdc-e9cf89f7fc1a.jpg'),
(8, '<div class=\"texto\"><p>Nicola e Pietro comentavam com os outros médicos que seria muito difícil estudar a doença sem alguém que fosse doente. Então, Pietro sugeriu que os médicos achassem uma pessoa com a doença, ou com sintomas parecidos.</p><p> Discutiram o dia todo. Um dos vassalos mandou seu servo para procurar um doente. Os demais, depois de um dia longo, foram para as suas casas.</p><p>23 de Novembro de 1347</p><p>Enquanto eles caminhavam, no meio da noite, com as corujas gritando, e com os seus enormes olhos encarando os dois caminhando, só se ouviam os passos deles, e os passos dos animais acompanhando os dois médicos. Voltando para casa, onde estavam hospedados, encontraram um homem desesperado, em uma carroça, vindo do lado norte, com seus cavalos ofegantes. O homem tinha aparência de cansado, mas lembrava um guerreiro, e o era. Um guerreiro francês e parecia estar ferido. Aparentava estar fugindo. Havia um pano em cima da carroça, tapando o que tinha dentro dela. Cansado, o homem exclama alto.</p></div><div class=\"fala\"><p>Guerreiro - Ajudem-me?! Onde posso me esconder?</p><p>Nicola - Vamos! Vamos ajudá-lo? Nicola pergunta a Pietro</p><p>Pietro - E se ele for algum sujeito de mau caráter? E se ele tentar nos matar? Não vê que ele é francês?</p><p>Nicola - Ele está ferido! </p></div><div class=\"texto\"><p>E no meio da intensidade desse momento, em meio a estrada escura, eles se encontram em meio a duas escolhas:</p></div>', '_7a3d98ad-ef7a-49a6-9ad5-ec8e04e98085.jpg'),
(9, '<div class=\"fala\"><p>Pietro - Vamos!</p><p>Guerreiro - Rápido! Estou ferido!</p></div><div class=\"texto\"><p>Neste momento eles entraram na casa, esconderam a carroça, e limparam a ferida do guerreiro. Pietro ficou em frente à mesa preparando uma pasta que diminuía a dor do momento. Nicola esquentava um pedaço de ferro, e perguntava ao guerreiro:</p></div><div class=\"fala\"><p>Nicola - Então, de quem está fugindo?</p><p>Guerreiro - Da guerra! Estava no meio do caos, meu acampamento foi atacado. Os ingleses estão tomando nosso país.</p><p>Nicola - E você tem família?\r\n</p><p>Guerreiro - Sim, dois filhos.<br>\r\nO guerreiro rapidamente começou a chorar.\r\n</p><p>Guerreiro - Deixei eles! Os abandonei, não sei como posso salvá-los.</p><p>Nicola - Antes de fazer algo, qual é o seu nome?</p><p>Guerreiro - Mattia.</p><p>Nicola - Muito bem Mattia, morda este pedaço de madeira.\r\n</p><p>Mattia - Porque?\r\n</p><p>Nicola - Somente morda!</p></div>', '_7a3d98ad-ef7a-49a6-9ad5-ec8e04e98085.jpg'),
(10, '<div class=\"texto\"><p>Mattia estava com parte de uma flecha cravada em suas costas. Pietro pede para que Mattia tome um copo do que ele havia preparado. Nicola pega o pedaço de ferro quente, e coloca onde a flecha estava cravada, assim, tirando a flecha de Mattia. Mattia com um grito no meio da madrugada, acorda os vizinhos, e desmaia. Eles passam a noite tratando de Mattia.\r\n</p><p>Dia 24, eles saem para comprar algumas coisas para tratar Mattia. Quando voltaram para casa, Mattia havia fugido, deixando uma carta. Nessa carta havia muitos agradecimentos pelo que haviam feito, e uma mensagem falando que, na verdade, ele havia fugido do surto de uma tal doença de ratos, com bolas sobre o corpo, que estava acontecendo no Sul. Lá houve algumas rebeliões contra as comunidades Judias, queriam matar os Judeus. Mattia era Judeu, seu nome se chamava na verdade Lewi.\r\n</p><p>Ele estava levando cadáveres afetados pela doença para alguns médicos de Florença. Então os dois médicos foram até onde a carroça estava escondida, e os dois procuraram, algo que talvez, Lewi tivesse deixado. Quando estavam procurando, viram um sapato no chão, quando pegaram o sapato viram que nele havia pus. Quando olharam para a estrada, avistaram uma perna, o resto do corpo parecia estar dentro de uma moita. Chegando lá, pegaram o corpo, levaram para dentro e foram analisar. Assim entrando em contato com o corpo.\r\n</p><p>Pietro - Chamamos os outros médicos, ou analisamos o corpo sozinhos?</p></div>', '_7a3d98ad-ef7a-49a6-9ad5-ec8e04e98085.jpg'),
(11, '<div class=\"fala\"><p>Nicola - Vamos, pegue um pano, vamos ver o que são essas bolas roxas sobre o corpo.\r\n</p><p>Pietro - Calma! E se isso for contagioso?</p><p>Nicola - Não, pelo que sabemos, é transmitida por ratos.\r\n</p></div><div class=\"texto\"><p>Bum! Bum! Bum!<br>\r\nSons de batida muito forte na porta. Estavam chamando Pietro, para que ele fosse atender algumas pessoas na cidade que estavam meio doentes. Pietro disse para Nicola que iria ajudar essas pessoas, mas voltaria.\r\n</p><p>Nicola, passou o resto do dia estudando o corpo. E Pietro ainda não havia chegado. Nicola deveria estar em casa dia 26. Então, saiu pela cidade procurando seu amigo. Quando estava procurando chegou em uma taverna. Lá havia um tumulto, pessoas bebendo e muita gente na frente de um quarto. Nicola foi perguntando o que estava acontecendo. Se espremeu para olhar quem estava dentro do quarto, quando conseguiu, viu que haviam alguns homens com umas roupas estranhas, pretas, com máscaras, e bicos de corvo. Com medo do que talvez estivesse acontecendo perguntou:\r\n</p></div><div class=\"fala\"><p>Nicola - O que está acontecendo aqui?\r\n</p><p>Pessoa com máscara 1 - Saia agora!</p></div><div class=\"texto\"><p>Nicola percebeu que havia uma pessoa deitada na cama, com as mesmas bolas roxas que haviam no cadáver que ele estava analisando. Todos estavam em volta da cama. No corpo em que Nicola estava analisando, ele havia visto que perto das mesmas bolas cheias de pus, tinham marcas de mordidas ou picadas de algum inseto.</p><p>Nicola - Não vou sair! Sou médico!\r\n</p></div>', '_08b60bac-bf71-4ee9-acd7-a6287a16099e.jpg'),
(12, '<div class=\"fala\"><p>Nesse momento chega outra pessoa mascarada, com uma faca.\r\n</p></div><div class=\"fala\"><p>Pessoa com máscara 2 - Nicola !?</p><p>Nicola - Pietro !? O que está fazendo aqui? Vais cortar essa pessoa?\r\n</p><p>Pietro - Cortar não, drena-la. Saia para fora do quarto, não temos roupas de proteção para você. Depois te explico!\r\n</p></div>', '_08b60bac-bf71-4ee9-acd7-a6287a16099e.jpg'),
(13, '<div class=\"texto\"><p>Nicola então tenta intervir, entra no quarto e vai até a pessoa. Olhando para ela, vê que perto das bolas roxas que ele tinha visto no cadáver, também haviam espalhadas no corpo, como se fosse picadas/mordidas de insetos.\r\n</p><p>Nesse momento Pietro exclama:\r\n</p></div><div class=\"fala\"><p>Pietro - Saia agora! Já falei, nós não temos roupas para proteger você.\r\n</p><p>Pessoa com máscara - Se você for contaminado, não sabemos como cura-lo. Saia para fora do quarto!\r\n</p></div><div class=\"texto\"><p>Nicola sai para fora do quarto e espera eles saírem do quarto.\r\n</p></div>', '_08b60bac-bf71-4ee9-acd7-a6287a16099e.jpg'),
(14, '<div class=\"texto\"><p>Nicola sai para fora do quarto e espera eles saírem do quarto.</p>Algum tempo depois os médicos saíram do quarto, tiraram as roupas e com os rostos  tristes, e disseram à família da pessoa que havia sido analisada: “Nós tentamos!”.\r\nOs familiares saíram da taverna em prantos, e Nicola, Pietro e o outro médico se sentaram para conversar, sobre essa nova doença que estava matando tantas pessoas na região Sul da região.<br>\r\nEles conversaram durante muito tempo, até chegarem em uma possível conclusão.\r\n<p>Mordida de ratos! Pietro exclamou.\r\n</p><p>Pois cada um ouvia falar que essa doença envolve ratos, e muito ratos começaram a aparecer da região sul a norte, como se eles estivessem fugindo de algo. \r\nEntão conversaram e combinaram que em Janeiro do outro ano, eles se encontrariam, e iriam para o Sul, para procurar por mais respostas. Todos então foram para suas casas. Mal sabia Nicola, que ele mesmo havia sido infectado.\r\n</p></div>', '_08b60bac-bf71-4ee9-acd7-a6287a16099e.jpg'),
(15, '<div class=\"texto\"><p>26 de Novembro de 1347</p><p>Era um belo dia de outono, uma temperatura um pouco abaixo, folhas alaranjadas caindo, nada como um dia após o outro numa aldeia pacata chamada Tivoli, uma história então começaria. Você agora assume o papel de Matteo Vincenzo, filho de Nicola Vincenzo.\r\n</p></div><div class=\"fala\"><p>Matteo Vincenzo - Ahh.. perdi o horário novamente, preciso me apressar e me arrumar, meu pai chega hoje, finalmente!!\r\n</p><p>Você então se veste e se prepara junto de sua mãe na espera de seu pai, que chegaria neste mesmo dia depois de longos dois meses fora em uma missão médica.\r\n</p><p>Petra Vincenzo - Tudo certo então? Não falta organizar mais nada? Fiquei tão preocupada com seu pai, que bom que logo breve chegará em casa novamente.\r\n</p><p>Matteo - (com um sorriso no rosto) Tá tudo certo sim!! Eu também estava com saudade dele, fico ansioso só de pensar na ideia dele me contar como foi a aventura dele, e que novas coisas ele tem para me ensinar.\r\n</p><p>Petra - Vou preparar algo para o almoço, se ouvir barulhos de charrete, não hesite em me chamar.\r\n</p><p>Matteo - Com certeza.\r\n</p></div><div class=\"texto\"><p>Depois de algumas horas, você finalmente escuta uma charrete se aproximando e chama sua mãe, ambos se encontram e saem da casa na espera. O homem então desce da charrete.</p></div><div class=\"fala\"><p>Nicola - Quanta saudade tive, foi horrível passar este tempo todo fora, mas agora estou aqui com vocês novamente, gostaria tanto de abraçar ambos, mas peço que mantenham um pouco de distância, ao menos pelos próximos dois dias, pois como tive contato com os doentes eu não gostaria de acabar passando algo para vocês.\r\n</p></div>', '_0e75ff58-22aa-4759-8b18-d0b2c41e569e.jpg'),
(16, '<div class=\"fala\"><p>Matteo - (Com um sorriso no rosto) Tá tudo certo, pai. Estávamos ansiosos pela sua volta.</p><p>Petra - Qualquer coisa estou aqui posta a seus cuidados.</p><p>Nicola - (com um olhar cansado, mas tentando esconder sua condição) Fico feliz em saber disso Petra, Sinto falta de casa. E, Matteo, tenho algumas histórias para contar sobre minha viagem e experiências médicas.</p></div><div class=\"texto\"><p>Os dias passaram e Nicola contou os acontecimentos de sua viagem e resultados da pesquisa para você. Seu pai, no entanto, começou a se sentir cada vez mais fraco. Porém ele estava determinado a continuar seu trabalho como médico e como pai, mas a doença estava minando sua energia. Ele estava pálido e com febre. Você percebe a mudança no estado de seu pai e fica preocupado, o que você faz ?\r\n</p></div>', '_0e75ff58-22aa-4759-8b18-d0b2c41e569e.jpg'),
(17, '<div class=\"texto\"><p>Você então começa a estudar os sintomas e logo percebe que algo estava errado, não podia ser simplesmente cansaço. Você então questiona seu pai sobre isto.</p></div><div class=\"fala\"><p>Você - Pai, você não parece bem. Está com febre e sua pele está pálida. Precisamos chamar outro médico para verificar sua condição.</p><p>Nicola - (tentando esconder sua preocupação) Não, Filho, não é nada. Estou apenas cansado da viagem. Vou melhorar em breve.</p><p>Você - Se você diz, mas acho que deveria consultar outro doutor da cidade, não parece ser mero cansaço, e você não me parece nas melhores condições para se auto diagnosticar.\r\n</p><p>Nicola - Eu estou bem, preciso continuar trabalhando, não é atoa que sou o médico mais requisitado da aldeia.\r\n</p></div><div class=\"texto\"><p>28 de Novembro de 1347</p>\r\n<p>\r\nNeste dia, o seu pai não retorna do trabalho, você e sua mãe ficam preocupados com o que pode ter acontecido com ele, o quê você deseja fazer no dia seguinte?\r\n</p></div>', '_0e75ff58-22aa-4759-8b18-d0b2c41e569e.jpg'),
(18, '<div class=\"texto\"><p>Você então sai de casa em busca dele, pelo último relato dele, ele estava em seu consultório trabalhando.<br>\r\nIndo até o consultório dele, você tenta entrar, mas um guarda não deixa você passar, alegando que seu pai estava ocupado, e não poderia atender mais ninguém pelos próximos dias.\r\n</p></div><div class=\"fala\"><p>Você - Eu sou o filho dele, exijo que deixe-me passar, não o vejo desde ontem e lá em casa estamos preocupados com ele.\r\n</p><p>Guarda - Escuta aqui seu infame, eu entendo seu ponto, mas já disse que não posso deixar você passar, o médico está muito ocupado, recebi ordens diretas de não deixar ninguém adentrar.\r\n</p><p>Você - É cada uma que aparece.\r\n</p></div>', 'guarda.jpg'),
(19, '<div class=\"texto\"><p>Você finge ir embora e espera um momento de descuido do guarda, e quando ele se afasta para ir ao banheiro, você entra no consultório em busca de seu pai. \r\n</p><p>\r\nQuando você entra no local, ele parece vazio, não se encontra nem doentes e nem o seu pai, você olha para o lado e se depara com um corredor com uma porta no final.\r\n</p><p>\r\nVocê abre a porta e se depara numa sala com materiais e pesquisas médicas.\r\n</p><p>\r\nVasculhando os documentos você acaba encontrando um documento escrito com anotações sobre a peste negra, nele está escrito sintomas e desenhos de como os pacientes ficam.\r\n</p><p>\r\nVocê - É pior do que eu pensei pelos relatos de meu pai… os sintomas dele são bem parecidos.\r\n</p><p>\r\nVocê volta para o Hall do Consultório e se depara com outra porta em outro corredor.\r\n</p><p>\r\nLogo, tenta abri-lá.\r\n</p><p>\r\nAo abrir a porta, a primeira imagem que vem a sua cabeça é a de seu pai, com pequenas bolhas pelos braços e com uma respiração curta e rápida.\r\n</p></div><div class=\"fala\"><p>Nicola - Fi.. Filho ? O quê você faz aqui?</p><p>Você - Meu Deus, o quê houve com você? Vim a sua procura meu pai.</p><p>Nicola - (fraquejando) Por favor, não chegue perto, eu contraí a peste, e não sei o que ela é capaz de fazer contigo caso se aproxime.</p><p>Você - Não posso deixar que isso aconteça, não tem nenhuma erva ou pasta que ajude ? Quer que eu faça uma oração para o senhor ? eu vou chamar pessoas aqui para lhe ajudar!!\r\n</p></div>', 'guarda.jpg'),
(20, '<div class=\"fala\"><p>Nicola - Não faça isso, a situação só se agravaria, as pessoas se contaminariam também, eu deixei as minhas pesquisas na sala próxima ao banheiro, preciso que você pegue uma carta e entregue para alguém por mim.\r\n</p><p>Você - Eu faço, mas não posso deixar você neste estado.\r\n</p><p>Nicola - Está tudo bem, eu sei me virar, não é à toa o meu título de melhor médico da aldeia, pegue a chave que está na gaveta ao seu lado e pegue a carta, nela tem as informações de endereço e para quem você deve enviar, eu mesmo faria mas creio que não tenho condições de viajar.\r\n</p><p>Você - Eu acredito em você, farei isso por ti pai, não será em vão seus esforços.</p><p>Nicola - Obrigado, eu peço que leia os documentos que estão no consultório, caso ainda não tenha feito, vai te dar uma boa base do que estamos lidando. Eu preciso descansar um pouco, não conte nada para sua mãe, eu vou continuar em busca de alguma solução para esta doença com o tempo que me resta.\r\n</p><p>Você - (com um rosto triste e angustiado) Você vai conseguir, e vamos curar essa doença antes que se agrave mais ainda.\r\n</p></div><div class=\"texto\"><p>Após recolher as coisas que você acha útil no consultório, você passa os próximos dias estudando os documentos enquanto prepara as suas coisas para viajar, o seu destino será Roma.\r\n</p><p>2 de Dezembro de 1347\r\n</p><p>\r\nVocê visita seu pai pela ultima vez, totalmente incapacitado pela doença, você diz adeus a seu pai, e promete concluir a missão dada por ele, e em seguida se despede de sua mãe, e então parte em sua jornada.\r\n</p></div>', '_0e75ff58-22aa-4759-8b18-d0b2c41e569e.jpg'),
(21, '<div class=\"texto\"><p>Em um ato de selvageria, você parte para cima do guarda, porém ele é muito maior e mais forte, você luta e tenta derrubá-lo, mas a derrota é inevitável, o guarda te imobiliza, até que aparece seu pai, com olhos avermelhados e algumas bolhas pelo corpo, ele manda o guarda lhe soltar, vocês entram para dentro do consultório e começam a conversar.</p></div><div class=\"fala\"><p>Nicola - Filho ? O quê você faz aqui?</p><p>Você - O quê houve com você? Vim a sua procura meu pai.</p><p>Nicola - (fraquejando) Por favor, não chegue tão perto, eu contraí a peste, e não sei o que ela é capaz de fazer contigo caso se aproxime.\r\n</p><p>Você - Não posso deixar que isso aconteça, não tem nenhuma erva ou pasta que ajude ? Quer que eu faça uma oração para o senhor ? eu vou chamar pessoas aqui para lhe ajudar!!</p><p>Nicola - Não faça isso, a situação só se agravaria, as pessoas se contaminariam também, ando mantendo a distância de tudo e todos, eu deixei as minhas pesquisas na sala próxima ao banheiro, preciso que você pegue uma carta e entregue para alguém por mim.</p><p>Você - Eu faço, mas não posso deixar você neste estado.\r\n</p><p>Nicola - Está tudo bem, eu sei me virar, não é à toa o meu título de melhor médico da aldeia, pegue a chave que está na gaveta ao seu lado e pegue a carta, nela tem as informações de endereço e para quem você deve enviar, eu mesmo faria mas creio que não tenho condições de viajar.\r\n</p><p>Você - Eu acredito em você, farei isso por ti pai, não será em vão seus esforços.\r\n</p><p>Nicola - Obrigado, eu peço que leia os documentos que estão no consultório, caso ainda não tenha feito, vai te dar uma boa base do que estamos lidando. Eu preciso descansar um pouco, não conte nada para sua mãe, eu vou continuar em busca de alguma solução para esta doença com o tempo que me resta.</p></div>', 'guarda.jpg'),
(22, '<div class=\"fala\"><p>Você - (com um rosto triste e angustiado) Você vai conseguir, e vamos curar essa doença antes que se agrave mais ainda.</p></div><div class=\"texto\"><p>Após recolher as coisas que você acha útil no consultório, você passa os próximos dias estudando os documentos enquanto prepara as suas coisas para viajar, o seu destino será Roma.\r\n</p></div>', '_0e75ff58-22aa-4759-8b18-d0b2c41e569e.jpg'),
(23, '<div class=\"texto\"><p>Você corre até a sua mãe, informando-a sobre como seu pai parece estar\r\nocultando alguma enfermidade, e então clama para que sua mãe ajude-o,\r\nNicola resiste em dizer qualquer sintoma, e recusa os cuidados de Petra, você se sente desconfiado e preocupado por conta desta atitude.\r\n</p><p>\r\nSem muitas ideias do que fazer, você analisa pela aparência os sintomas de \r\nseu pai, e tenta chegar em alguma conclusão.\r\n</p><p>Você então começa a estudar os sintomas e logo percebe que algo estava errado, não podia ser simplesmente cansaço. Você então questiona seu pai sobre isto.\r\n</p></div><div class=\"fala\"><p>Você - Pai, você não parece bem. Está com febre e sua pele está pálida. Precisamos chamar outro médico para verificar sua condição.</p><p>\r\nNicola - (tentando esconder sua preocupação) Não, Filho, não é nada. Estou apenas cansado da viagem. Vou melhorar em breve.</p><p>\r\nVocê - Se você diz, mas acho que deveria consultar outro doutor da cidade, não parece ser mero cansaço, e você não me parece nas melhores condições para se auto diagnosticar.</p><p>\r\nNicola - Eu estou bem, preciso continuar trabalhando, não é atoa que sou o médico mais requisitado da aldeia.\r\n</p></div><div class=\"texto\"><p>28 de Novembro de 1347\r\n</p><p>\r\nNeste dia, o seu pai não retorna do trabalho, você e sua mãe ficam preocupados com o que pode ter acontecido com ele, o quê você deseja fazer no dia seguinte?\r\n</p></div>', '_0e75ff58-22aa-4759-8b18-d0b2c41e569e.jpg'),
(24, '<div class=\"texto\"><p>29 de Novembro de 1347\r\n	</p><p>\r\nVocê espera o dia inteiro, porém nenhum sinal de seu pai, o dia seguinte amanhece, o quê você faz ?\r\n</p></div>', '_0e75ff58-22aa-4759-8b18-d0b2c41e569e.jpg'),
(25, '<div class=\"texto\"><p>Você e sua mãe recebem a notícia que seu pai morreu devido a complicações de alguma doença desconhecida, você nunca descobriu o motivo da morte de seu pai, e consequentemente, nunca saiu da cidade, semanas depois, a sua aldeia é devastada por uma doença, em meio a tanta morte, com vocês, não seria diferente, ambos morrem.</p></div><div class=\"morte\"><p>Fim de Jogo</div>', '_0e75ff58-22aa-4759-8b18-d0b2c41e569e.jpg'),
(26, '<div class=\"texto\"><p>Decidindo então procurar por seu pai, o lugar mais plausível de encontrá-lo é em seu consultório, e é para lá que você vai.\r\n</p></div>', '_0e75ff58-22aa-4759-8b18-d0b2c41e569e.jpg'),
(27, '<div class=\"texto\"><p>Você, com sua mochila repleta de pergaminhos, ervas medicinais e um mapa rudimentar da Região, partiu de Tivoli ao amanhecer em uma carruagem. A estrada à sua frente estava cheia de perigos e incertezas, com a peste em seu encalço. Você tinha apenas sua determinação e conhecimento médico para guiá-lo.\r\n</p><p>\r\n5 de Dezembro de 1347\r\n</p><p>\r\nVocê cruzava a incrível floresta de castanheiros, que estendia-se nas encostas das montanhas da Região, um lugar belo e misterioso. Seu nome provinha dos majestosos castanheiros que dominavam a paisagem, com troncos retorcidos e acinzentados, copas espessas, cujas folhas criavam um dossel verde e frondoso. Raios de sol ocasionalmente penetravam essa densa folhagem, lançando feixes de luz dourada no chão coberto de musgo. \r\n</p><p>\r\nLá então você encontra uma jovem curandeira caminhando, que acena para você e parece estar seguindo o mesmo caminho que o seu.\r\n</p></div><div class=\"fala\"><p>Você - (acenando) Olá, eu te conheço ?</p><p>\r\nMulher - Acho que ainda não, prazer, meu nome é Sofia, e o seu ?</p><p>\r\nVocê - Prazer, meu nome é Matteo, pelo visto traçamos o mesmo destino então ?</p><p>   \r\nSofia - Imagino que Roma, certo ? Estou indo para lá também.</p><p>\r\nVocê - Somos dois então, não quer vir junto comigo ? Não estamos muito longe, mas daqui a pouco irá anoitecer e você parece estar exausta, aliás, essa floresta fica sinistra a noite.</p><p>\r\nSofia - (Com um olhar cauteloso) Pode ser..\r\n</p></div>', 'carruagemsofia.jpg'),
(28, '<div class=\"texto\"><p>Depois de um tempo vocês param na estrada para dormir.\r\n</p><p>\r\nNo meio da madrugada, você escuta gritos dentro da floresta, o que você faz ?\r\n</p></div>', 'dormindodois.jpg'),
(29, '<div class=\"texto\"><p>Eles deixaram o guerreiro e o guerreiro continuou com sua carroça pela estrada. Enquanto olhavam o guerreiro se afastar viram que algo havia caído da charrete. quando correram para ver, era um corpo enrolado em um pano pranco, por cima do pano Nicola conseguiu ver as bolhas pretas no corpo. Pegaram o corpo e o colocaram sobre uma cama na casa de Pietro. Neste momento eles se encontraram e tomaram uma decisão.\r\n</p></div>', '_7a3d98ad-ef7a-49a6-9ad5-ec8e04e98085.jpg'),
(30, '<div class=\"texto\"><p>Eles saíram para chamar os médicos. \r\n</p><p>\r\nDepois de um tempo procurando por eles na cidade, encontraram uma casa com uma placa na frente, estava escrito “empório dos médicos” na mesma hora eles entraram. Chegando lá Nicola entra na casa e diz:\r\n</p><p>\r\nNicola - Há alguém aqui?\r\n</p><p>\r\n	Na mesma hora uma senhora pula diante deles e exclama:\r\n</p><p>\r\nSenhora - O que querem aqui?</p><p>\r\nNicola - É… A senhora pode chamar o dono deste lugar?\r\n	</p><p>\r\nNicola perguntou isso porque não havia como naquela época uma mulher ser dona de algum comércio, e o lugar não parecia ser com o feudo, mas sim, um lugar mais burguês. Então Pietro tenta perguntar algo para ela, mas ela o interrompe dizendo:\r\n</p><p>\r\nSenhora - Se não querem nada então vão embora!</p><p>\r\nPietro - Estamos procurando alguns médicos, vimos essas placas e achamos que eles pudessem estar aqui.</p><p>\r\nSenhora - Não, não estão! Vocês são médicos?</p><p>\r\nNicola - Sim, somos…<br>\r\nInterrompendo Nicola ela disse - Muito bem então! \r\n</p><p>\r\nRápido ela correu para uma prateleira enquanto resmungava. Pegou ervas valeriana, gengibre, salgueiro-branco, filipendula. E entregou para eles, disse que isso fazia a dor passar mais rápido quando tudo misturado homogeneamente.\r\n</p></div>', '_7a3d98ad-ef7a-49a6-9ad5-ec8e04e98085.jpg'),
(31, '<div class=\"texto\"><p>Pietro - Muito obrigado, mas a senhora não viu alguns médicos passarem por aqui?</p><p>\r\nSenhora - O que eu tinha para falar, já falei. Tchau!\r\n</p><p>\r\nEmpurrou os dois para fora, deu a eles mais uma coisa que estava enrolada em um pano e fechou a porta. Sem entender eles voltaram para a casa de Pietro. Chegando lá Nicola desenrolou aquele pano úmido e havia sangue sugas dentro dele. Nicola assustado enrolou elas no pano novamente, e sem entender, continuou. Mal sabia ele que eles as usariam mais para frente.\r\n</p><p>\r\nNão tinham achado os outros médicos, então guardam o que a mulher havia dado a eles e foram analisar o corpo sozinhos.\r\n</p></div>', '_7a3d98ad-ef7a-49a6-9ad5-ec8e04e98085.jpg'),
(32, '<div class=\"fala\"><p>Você - Ei, acorda, tem alguma coisa estranha fazendo barulho.</p><p>\r\n	Sofia - (acordando) Mas o que ? Já é de manhã ?</p><p>\r\nVocê - Ainda é noite, mas sobre o barulho, Talvez seja alguém precisando de ajuda, não sei, escutei não muito longe daqui.</p><p>\r\nVocê - Vem comigo, acho perigoso separarmos.</p><p>\r\nSofia - Ah.. tem certeza que devemos ir ? não parece ser da nossa conta o que acontece pra lá.\r\n</p></div>', 'floresta.jpg'),
(33, '<div class=\"fala\"><p>Você - Bom, eu sei medicina, se alguém estiver ferido talvez eu possa ajudar, aplicar algum curativo talvez, se você quer ficar tudo bem, só quis te avisar dos gritos.</p><p>\r\nSofia - Não fazia ideia de que também sabia medicina, vamos juntos, duas cabeças pensam mais do que uma.\r\n</p><p>\r\nVocês adentram a floresta com muito cuidado, demarcando as castanheiras com a faca para não se perder, ao se aproximar da direção do grito vocês vêem uma mulher chorando no chão.\r\n</p></div>', 'floresta.jpg'),
(34, '<div class=\"texto\"><p>Você - Moça, tudo bem ? houve algo com a senhora ?\r\n	</p><p>\r\nUm som de movimento é escutado pelos arbustos próximos, e então no impulso, Sofia agarra seu ombro e te puxa para trás no momento em que uma flecha disparada passa em sua frente.\r\n</p><p>\r\nSofia - Corre!!\r\n	</p><p>\r\nVocê sem hesitar corre atrás dela esperando que ambos estejam indo para fora da floresta, enquanto correm escutam vários passos perseguindo vocês.\r\n</p><p>\r\nVocê - Era uma emboscada, que droga!!</p><p>\r\nSofia - Vamos lamentar depois, só me segue.\r\n</p><p>\r\nEm meio a tanto desespero, você nem ao menos perceber por onde está passando, e acaba se cortando algumas vezes nos galhos das árvores, após um bom tempo correndo finalmente encontram a carruagem, e no momento que sobem, Sofia chicoteia cavalo para que corra o mais rápido possível.\r\n</p><p>\r\nVocê - (com dor) Por que isto ? por quê nos atacaram ?</p><p>\r\nSofia - Eram bandidos, esse é um dos tipos de emboscadas que geralmente fazem, sabia que não era uma boa ideia ter ido atrás.</p><p>\r\nSofia - Tu está ferido, tem muitos cortes pelo seu corpo, deixa eu preparar alguma pasta para ajudar com o sangramento.</p><p>\r\nVocê - Muito obrigado, vou continuar guiando o cavalo.\r\n	</p><p>\r\nApós mais alguns dias de viagem, vocês finalmente chegam em Roma, a cidade eterna.\r\n</p></div>', 'floresta.jpg'),
(35, '<div class=\"texto\"><p>Em um pico de coragem, você decide ir sozinho até a floresta investigar o suposto grito.\r\n</p><p>\r\nAo adentrar mais na floresta, a sua inexperiência nas trilhas toma conta, e você acaba se perdendo da direção do grito, em meio às árvores você consegue escutar um choro feminino atrás de um arbusto.\r\n</p></div>', 'floresta.jpg'),
(36, '<div class=\"texto\"><p>Você dá as costas e sai correndo pela floresta, você consegue ouvir passos pesados te perseguindo em meio a floresta, você olha para trás e de relance, avista um ser quadrúpede, grande, e com dentes afiados, você não sabe o que é e só pensa em continuar correndo.</p></div>', 'floresta.jpg'),
(37, '<div class=\"texto\"><p>Em um ato desesperado para fugir, você vira a esquerda e adentra mais ainda na mata para tentar fugir da criatura, você ao não ouvir mais os passos, para e se esconde atrás de uma árvore, alguns minutos se passam e então você decide pegar o caminho de volta para a sua carruagem, demora um pouco, mas após encontrar a estrada novamente, você conta tudo para Sofia e depois não tocam mais no assunto e voltam para a estrada, a caminho de Roma, a cidade eterna.\r\n</p></div>', 'floresta.jpg'),
(38, '<div class=\"texto\"><p>Você então se aproxima da mulher, quando você finalmente chega na distância de conseguir tocar na mulher, Sofia te puxa pelo braço impedindo você de se aproximar mais. </p><p>\r\n\r\nSofia - Não vejo nenhum ferimento nesta mulher, revele suas intenções agora!!\r\nApós o término da frase de Sofia, uma flecha é disparada na sua direção, que acaba lhe acertando no braço, em seguida, começam a correr pelas suas vidas.\r\n</p><p>\r\nSofia - Vem, por aqui, rápido!!</p><p>\r\nSofia - Eu sei o caminho da floresta.\r\n</p><p>\r\nApós um bom tempo correndo, finalmente encontram a carruagem, e no momento que sobem, Sofia chicoteia o cavalo para que corra o mais rápido possível e então começa a tentar te ajudar a retirar a flecha do seu braço.</p><p>\r\n\r\n	Você - (com dor intensa) Argh, que droga, que ingenuidade minha… </p><p>\r\nSofia - Só não se mexe, vou tentar retirar a flecha e parar esse sangramento, como está o teu braço ? </p><p>\r\nVocê - Sinto como se meu braço estivesse dormindo, não sinto ele…\r\n</p><p>\r\nSofia então realiza um procedimento médico para a retirada da flecha, quebrando as pontas da flecha e depois retirando ela de seu braço, no final ela aplica um torniquete para ajudar no sangramento, você sente muita dor e acaba perdendo um pouco de sangue, pelos próximos dias seu braço fica inutilizado.\r\n</p></div>', 'floresta.jpg'),
(39, '<div class=\"texto\"><p>Você continua correndo, porém os passos são cada vez mais altos e mais pesados, o medo toma conta e em uma atrapalhada, você cai, quando tenta se levantar a criatura puxa sua perna, você grita, mas ninguém escuta.\r\n</p><p>\r\nSeus gritos que ecoavam por toda a floresta, finalmente param, você morreu.\r\n</p></div><div class=\"morte\"><p>Fim de jogo.</p></div>', 'floresta.jpg'),
(40, '<div class=\"texto\"><p>Você: (com medo) Você precisa de ajuda ?\r\n</p><p>\r\nRapidamente os choros são substituídos por um rosnar aterrorizante, você não pensa duas vezes antes de sair correndo.\r\n</p><p>\r\nVocê dá as costas e sai correndo pela floresta, você consegue ouvir passos pesados te perseguindo em meio a floresta, você olha para trás e de relance, avista um ser quadrúpede, grande, e com dentes afiados, você não sabe o que é e só pensa em continuar correndo.\r\n</p><p>\r\nDepois de alguns minutos correndo, você sente que despistou a besta, e parte em caminhada de volta a carruagem.\r\n</p><p>\r\nApós encontrar a estrada novamente, você conta tudo para Sofia e depois não tocam mais no assunto e voltam para a estrada, a caminho de Roma, a cidade eterna.\r\n\r\n</p></div>', 'floresta.jpg'),
(41, '<div class=\"texto\"><p>9 de Dezembro de 1347</p><p>\r\n\r\n	Você: Finalmente chegamos na cidade, viagenzinha longa e perigosa...</p><p>\r\nSofia: Exato, estou exausta, mas acho que a nossa cooperatividade termina por aqui, tenho objetivos na cidade, como lhe disse.\r\n</p><p>\r\n	Após se separarem, tu vais de encontro ao endereço da carta.\r\n</p><p>\r\nAo chegar no endereço, você vê uma casa chique, diferente das demais, você bate na porta e espera uma resposta… \r\n</p><p>\r\nApós um tempo, um homem abre a porta e te olha pela fresta, você se apresenta e diz seu objetivo, o homem revela seu nome, diz se chamar Pietro Giaco e se apresenta como um colega de profissão do seu pai.\r\n</p><p>\r\nVocê conta todos os ocorridos que fizeram chegar na casa dele, e após isso, entrega a carta para o mesmo, que compreende o escrito e diz.\r\n</p><p>\r\nPietro - (falando na própria cabeça) Eu imaginei que isso pudesse ocorrer, que droga, mas não me arrependo de ter trocado a vida dele pela minha….  </p><p> \r\nPietro - Aqui está escrito que em florença a gente consegue encontrar médicos tão bons quanto ele, e que com as descobertas que tem nesta carta, talvez eles consigam ajudar a impedir a propagação desta doença.</p><p>\r\nPietro - (analisando os sintomas que estavam escritos na carta) Vômitos, pulso acelerado, arrepios de frio, temperatura corporal alta, bubões no corpo….</p><p>\r\nPietro - Certo, já li o bastante, você deve saber alguns truques médicos, não?</p><p>\r\nVocê - Certamente, meu pai me ensinou bons truques.</p></div>', 'cidadezinha.jpg'),
(42, '<div class=\"texto\"><p>Pietro - Então vamos nos preparar, eu vou te liberar acesso a biblioteca que eu tenho aqui, e pode ficar aqui por um tempo para estudar, e quando estiver pronto nós iremos partir para lá, eu bem que estava precisando de um ajudante mesmo.\r\n</p><p>\r\n27 de Dezembro de 1947\r\n</p><p>\r\nApós algumas semanas, você se sente preparado para finalmente prosseguir na missão, após se aproximar da data de partir para Florença, você resolve buscar aliados.\r\n</p><p>\r\nVocê vai para as ruas à procura de aliados, pois o caminho é longo, e talvez seja perigoso ir apenas com Pietro a seu lado. \r\n</p><p>\r\nVocê resolve procurar por cartazes em paredes de estabelecimentos, você encontra um familiar, que é de Sofia, que oferece a ajuda dela em troca de 20 moedas.\r\n</p><p>\r\nSem pensar duas vezes você vai até onde ela se encontra, e após uma breve conversa entre vocês, ela aceita ir junto a vocês para Florença pela taxa paga.\r\n</p><p>\r\nApós embarcarem em um barco proporcionado por Pietro, vocês partem em jornada.\r\n</p></div>', 'cidadezinha.jpg'),
(43, '<div class=\"texto\"><p>Com algumas semanas de atraso, vocês chegam na costa de Livorno e resolvem seguir o resto do caminho de carruagem\r\n</p><p>\r\n12 de Dezembro de 1347\r\n</p><p>\r\nSuperando obstáculos no caminho, vocês vão se aproximando de Florença.\r\n</p><p>\r\n16 de Dezembro de 1347\r\n</p><p>\r\nUma tempestade atinge vocês no meio do caminho, os pingos d’água parecem flechas atingindo o solo, raios violentos estouram perto de vocês, uma chuva torrencial chega sem aviso prévio, e causa inúmeros problemas a vocês.\r\n</p></div>', 'costalivornoo.jpg'),
(44, '<div class=\"texto\"><p>Você - Vamos continuar o caminho, não temos tanto tempo assim para esperar a chuva passar.</p><p>\r\nSofia - Acho uma má idéia, podemos acabar adoecendo.</p><p>\r\nPietro - Por mim tanto faz, contanto que não me afete.</p><p>\r\nSofia - (falando baixo) Que cara egocêntrico, nem ao menos se importa com a nossa saúde.</p><p>\r\nVocê - Vamos só procurar algum lugar um pouco mais seguro para descansarmos.\r\n</p><p>\r\nVocês decidem prosseguir um pouco  mais o caminho em meio a trilha.\r\n</p><p>\r\nCom o solo ficando cada vez mais pesado e as árvores se movendo cada vez mais por conta do vento, certo momento um raio cai ao lado de uma árvore e um incêndio se inicia.\r\n</p><p>\r\nVocê - Mas que ? que merda, vamos sair rápido daqui!!</p><p>\r\nPietro - Faz esse cavalo correr se você não quer que a gente morra!!</p><p>\r\nSofia - (gritando) Rápido!!\r\n</p><p>\r\nO fogo vai se espalhando pelas árvores e o desespero toma conta do cavalo, que corre desesperadamente tentando fugir.\r\n</p><p>\r\nDepois de alguns minutos, vocês conseguem se afastar o suficiente do fogo, e então procuram algum abrigo para passar a noite.\r\n</p><p>\r\nVocês chegam em uma casa bem degradada pelo tempo, com a madeira podre em decomposição e as janelas quebradas, e então passam o resto do dia descansando.\r\n</p></div>', 'arvorefogo.jpg\r\n'),
(45, '<div class=\"texto\"><p>Você explora a casa decrépita em que estão, procurando por gavetas e armários, o máximo que você encontra são pedaços de pão e um pouco de água.\r\n</p><p>\r\nVocê divide os alimentos com o seu grupo, por mais que não tenha saciado sua fome, você sente que foi a coisa certa a fazer.\r\n</p><p>\r\nApós todos comerem, vocês voltam para a estrada e continuam a jornada até Florença.\r\n</p></div>', 'casaabandonada.jpg\r\n'),
(46, '<div class=\"texto\"><p>Nenhum do grupo sabe caçar, portanto vocês não conseguem encontrar nenhum animal, porém encontram algumas frutas que seriam o suficiente por hora.\r\n</p><p>\r\nApós todos comerem, vocês voltam para a estrada e continuam a jornada até Florença.\r\n</p></div>', 'casaabandonada.jpg\r\n'),
(47, '<div class=\"texto\"><p>20 de Dezembro de 1347\r\n	</p><p>\r\nVocês param em uma aldeia próxima de Florença, para relembrar a missão e planejar a função de cada um quando chegar lá.<br>\r\nApós irem em direção a saída do estabelecimento que estavam, 3 aldeões barram a saída, e alertam vocês\r\n</p><p>\r\nAldeão 1 - Vocês deviam tomar cuidado, Andarilhos, não andam atento às notícias ?</p><p>\r\nAldeão 2 - Exatamente, sobre o perigo que anda assombrando as cidades próximas daqui..</p><p>\r\nAldeão 3 - Tomem cuidado.</p><p>\r\n	Você - Perigo ? Que perigo ?</p><p>\r\nAldeão 1 - Uma praga nova, extremamente letal que anda assolando a terra em que estamos, que Deus tenha piedade de nós.\r\n</p><p>\r\nVocês se afastam deles, enquanto cada um dos aldeões fica encarando vocês.\r\n</p><p>\r\nDesde o ocorrido, a aldeia parece ter assumido um clima pesado, com o ar parecendo mais denso, e o lugar cada vez mais quieto.\r\n</p></div>', 'mandandover2.jpg'),
(48, '<div class=\"texto\"><p>22 de Dezembro de 1347 - 15 dias até o desastre.\r\n</p><p>\r\nApós mais alguns dias planejando onde procurar os médicos em Florença, vocês ficam com um pé atrás mas decidem entrar na cidade.\r\n</p><p>\r\nAo adentrarem a grande cidade de Florença, vocês procuram saber quem são os médicos especialistas da cidade.\r\n</p><p>\r\nVocê - Vamos nos separar e procurar por informações, o nosso ponto de encontro aqui é a Rua Diccini, próximo a entrada da cidade, voltem antes do sol se pôr de preferência.</p><p>\r\nSofia - Ótimo, eu vou ir pro centro da cidade procurar.</p><p>\r\nPietro - Quem disse que você tá no comando ?</p><p>\r\nVocê - E-eu só..</p><p>\r\nPietro - … Deixa quieto, eu já estou indo procurar.\r\n</p><p>\r\nVocê decide procurar por lojas de artefatos medicinais, em uma delas você encontra um homem, que se diz chamar Giovanni Boccaccio, ele lhe avisa que coisas estranhas andam acontecendo na cidade, e que sente algo terrível a vir, a principio, você não dá muita bola, mas a seriedade e peso que as palavras proferidas teriam, seriam inimagináveis. \r\n</p></div>', 'florfençacidade.jpg'),
(49, '<div class=\"texto\"><p>23 de Dezembro de 1347 - 14 dias até o desastre.\r\n</p><p>\r\nPietro não retornou no lugar combinado no final do dia anterior, e Poucas informações foram recolhidas, mas com o pouco que conseguiram, chegam a conclusão que na rua Stillo Dicello se encontraria um tipo de “Clube” de médicos da cidade.</p><p>\r\nAo chegarem à rua indicada, vocês percebem um discreto símbolo na porta de um edifício de aspecto respeitável. Uma serpente entrelaçada em um bastão, um emblema que você aprendeu a associar aos médicos e curandeiros renomados da região. Cautelosamente, vocês adentram o local.</p><p>\r\nO interior é surpreendentemente amplo e bem iluminado, com estantes repletas de manuscritos e instrumentos médicos. Homens de vestes sóbrias e mulheres com olhares perspicazes percorrem os corredores, discutindo casos e trocando conhecimentos. Uma atmosfera de segredo paira no ar, e é evidente que este não é um lugar aberto a todos.</p><p>\r\n	Em seguida, chega um dos médicos do local, questionando.\r\n</p></p>??? - Quem é você ?</p><p>\r\nVocê - Me chamo Matteo Vincenzo e a mulher do meu lado se chama Sofia, vim em nome de Nicola Vincenzo, meu pai, seu último desejo foi que eu viesse para cá para dar continuidade aos seus estudos sobre a tal peste negra.</p><p>\r\nGalileu Disseia - Pois eu me chamo Galilei, sou um dos médicos daqui, conhecia seu pai, fico triste por ele ter falecido, nós estamos bem preocupados com a peste negra, tivemos relatos de mortos por volta da cidade, e recentemente andei vendo muitos ratos pelos becos da cidade.</p><p>\r\nGalileu Disseia - A ajuda de vocês seria de muita importância, vão ficar por hoje ?\r\n<p></div>', 'mateoconversando.jpg'),
(50, '<div class=\"texto\"><p>Galileu Disseia - Ótimo, temos apenas um quarto livre, mas vocês podem se dividir, não é ?</p><p>\r\n	Sofia - A gente dá um jeito.</p><p>\r\n	Você - Dá pra tentar.</p><p>\r\n	Você - Enfim, Sofia , mas e o Pietro ? não temos notícias dele desde ontem.</p><p>\r\n	Sofia - Não é como se fizesse muita falta, ele era um paspalho.\r\n</p><p>\r\nDepois de uma semana, Pietro aparece do nada, sem explicação alguma sobre o motivo de seu sumiço repentino, agindo mais estranho do que o convencional, você se torna cauteloso com ele e gera certa desconfiança.\r\n</p></div>', '_d6279e9a-1583-4e5c-a7df-6a152aec41f7.jpg'),
(51, '<div class=\"texto\"><p>Você - Certamente, porém nós temos que procurar o nosso outro companheiro, ele é um excelente médico, mas vamos nos hospedar por aqui sim.\r\n	</p><p>\r\nVocês saem a procura de Pietro pelos becos da cidade, e o encontram batendo em um aldeão.\r\n</p><p>\r\nPietro - E nunca mais tente me roubar de novo, nojento.</p><p>\r\nSofia - O que você fez ? por que isto ?</p><p>\r\nPietro - Esta escória tentou roubar meus pertences, apenas dei lhe uma lição, e ainda bem que vocês apareceram, esta cidade está me deixando perdido.</p><p>\r\nVocê - Nós encontramos o local, venha logo e deixe este pobre coitado, por favor.\r\n</p><p>\r\nVocês retornam para o clube e se apresentam aos outros médicos.\r\n</p><p>\r\n30 de Dezembro de 1347 - 7 dias antes do desastre.\r\n</p><p>\r\nMais e mais casos de mortes pela peste são confirmados na cidade, a população começa a criar um medo de sair nas ruas, e vocês, médicos, não conseguem achar uma solução eficiente para o tratamento dos poucos doentes, o seu trabalho junto ao de Sofia, é de continuar nas pesquisas, mas você fica preocupado, pois alguns dos médicos não retornaram de suas tarefas, e outro dados como mortos.\r\n</p></div>', 'pietrobat4endo.jpg');
INSERT INTO `historia` (`id_cena`, `conteudo_historia`, `imagem`) VALUES
(52, '<div class=\"texto\"><p>Com o solo ficando cada vez mais pesado e as árvores se movendo cada vez mais por conta do vento, certo momento um raio cai ao lado de uma árvore e um incêndio se inicia.</p>\r\n<p>Vocês se aproximam das rochas com a esperança de ficarem seguros, porém, o fogo começa a espalhar na rocha de basalto em que vocês se abrigam, e por meio de condução térmica, as chamas do basalto se espalham para sua carruagem.\r\n</p><p>\r\nNa tentativa de fugir das chamas, vocês se perdem na floresta, e nunca mais acham o caminho da volta até finalmente morrerem de fome cada um.\r\n</p></div><div class=\"morte\">Fim de jogo.</div>', 'arvorefogo.jpg'),
(53, '<div class=\"texto\"><p>5 de Janeiro de 1348 - 1 dia antes do desastre.\r\n	</p><p>\r\nAs coisas pioraram, a quantidade de mortes aumentou, uma infestação de ratos invade a cidade.\r\n</p><p>\r\nDe repente, um veterano imigrante do local entra no alojamento gritando\r\n</p><p>\r\nSaint Preux - DESASTRE, CAOS, A MORTE ASSOLA ESTA CIDADE, ESTAMOS PERDIDOS SE NÃO FIZERMOS NADA A RESPEITO!!</p><p>\r\nMédicos - Se acalme, explique pra gente o quê houve.</p><p>\r\nSaint Preux - OS ENTERROS, OS CORPOS MORTOS ESTÃO ESPALHANDO A PESTE, HOUVE UM SURTO POR CONTA DISTO, NÓS TEMOS QUE NOS LIVRAR DOS CORPOS!! </p><p>\r\nMédico - Vamos designar alguns para ajudar com isto, porém preciso de alguns voluntários para ir até uma residência que relataram ter ratos imunes escondidos, precisamos de uma amostra viva, pois talvez esta seja a chave para um antídoto.\r\n</p><p>\r\nVocê que estava escutando de canto, decide agir e se voluntaria para a missão, você não quer ir sozinho, e decide convidar alguém para ir com você.\r\n\r\n</p></div>', 'matteopensando.jpg'),
(54, '<div class=\"texto\"><p>Você decide chamar Pietro para ir junto e pede a Sofia que tome conta das pesquisas enquanto você se ausentar. \r\n</p><p>\r\nPietro concorda em acompanhá-lo até a residência infestada de ratos, mas percebe uma inquietação em seus olhos. Vocês se preparam, pegam algumas ferramentas médicas que podem ser úteis e seguem pelo caminho de paralelepípedos estreitos da cidade medieval.\r\n</p><p>\r\nEnquanto percorrem o caminho até a residência, vocês notam o caos que está ocorrendo na cidade, pessoas chorando, corpos mortos no chão e médicos tentando ajudar.\r\n</p><p>\r\nÀ medida que se aproximam do bairro da casa, um guarda que estava na entrada avisa vocês que o local havia sido isolado como uma medida protetiva pois os moradores poderiam estar infectados, e ninguém sabe o que poderia se encontrar dentro das casas e pelas ruas do bairro.\r\n</p><p>\r\nVocês entendem o aviso, mas adentram o bairro mesmo assim.\r\n</p><p>Ao chegarem à casa indicada, uma construção de madeira robusta, com a madeira podre em decomposição devido a umidade, vocês notam que as janelas estão cerradas, indicando que ninguém esteve lá por um tempo. Ao entrarem, o cheiro de mofo e a penumbra tornam o ambiente mais sombrio do que o normal.\r\n</p><p>\r\nEnquanto você vasculha cada canto da casa, movendo móveis e inspecionando buracos nas paredes, Pietro mantém uma certa distância e parece mais preocupado com possíveis perigos do que com a missão em si.\r\n</p></div>', 'casaabandonadaflorença.jpg'),
(55, '<div class=\"texto\"><p>De repente, vocês ouvem um arranhar vindo de um dos cantos da sala. Ao se aproximarem, percebem que há uma abertura na parede, levando a um espaço escuro e apertado. Decidem seguir o rastro, mesmo com a relutância de Pietro.\r\n</p><p>\r\nVocês avançam pelo corredor estreito, o piso do corredor parece velho e frágil, você vê uma luz fraca à sua frente que revela uma porta estranha.\r\n</p></div>', 'crredorestreitoescuro.jpg'),
(56, '<div class=\"texto\"><p>Você pede para que Pietro vá na frente, pois é mais experiente, ele se recusa e diz ser perigoso demais, vocês acabam discutindo, e num ato impulsivo, Pietro te empurra para a direção da porta, e neste momento, o chão desaba após você cair com força no chão.\r\n</p><p>\r\nA queda é violenta, e você perde a consciência por algumas horas, após retomar a si, você percebe que está em um tipo de câmara no subsolo da casa.\r\n</p></div>', 'matteoacordandodaqueda.jpg'),
(57, '<div class=\"texto\"><p>Enquanto você explora os mistérios do local, começa a perceber indícios de que algo além dos ratos está presente. Uma sensação de inquietação paira no ar. Passos abafados e sons estranhos sugerem a presença de um ser desconhecido se aproximando.</p></div>', 'crredorestreitoescuro.jpg'),
(58, '<div class=\"texto\"><p>Você decide ficar escondido nas sombras, observando com cautela e evitando chamar a atenção do monstro que se encontra na câmara subterrânea. Mantendo-se quieto, você percebe que o monstro está movendo-se lentamente pela sala central, aparentemente alheio à sua presença.\r\n</p><p>\r\nO monstro parece reagir aos mínimos barulhos da sala, e ataca quase que imediatamente no local do som.\r\n</p><p>\r\nAlgo sugere a você que o monstro e cego.\r\n</p></div>', 'crredorestreitoescuro.jpg'),
(59, '<div class=\"texto\"><p>Enquanto você se esgueira pela sala na surdina, um rato, atraído pela sua presença, se aproxima silenciosamente. No momento em que o rato emite um som agudo, o monstro reage imediatamente partindo para cima do rato, que é partido ao meio pelas garras do monstro.\r\n</p><p>\r\nVoce permanece quieto e imovel, torcendo para que o monstro vá embora, que é o que acontece.\r\n</p><p>\r\nAproveitando o momento, você decide continuar sua jornada, avançando com cautela pelas salas desconhecidas em busca de uma saída.\r\n</p><p>\r\nVocê escuta barulhos de ratos andando pelos buracos da parede, e uma voz em uma sala próxima dizendo “Afastem-se, Nojentos”.\r\n</p><p>\r\nAo ir na direção do som, você encontra Pietro, esmagando ratos e tacando fogo em seu “ninho”\r\n</p><p>\r\nVocê sabe que essa barulhada toda iria atrair o monstro, e então diz a Pietro:\r\n</p><p>\r\nVocê - Por aqui, Pietro, a nossa missão aqui está cumprida!!\r\n</p><p>\r\nVocê se reúne novamente com Pietro, e na busca por uma saída, finalmente a encontram, porém o monstro já estava muito próximo de vocês.\r\n</p><p>\r\nNum ato de egoísmo e covardia, Pietro empurra você para o monstro e sai correndo para a saída.\r\n</p><p>\r\nVocê, incrédulo pela atitude de seu companheiro, se encontra diante da traição de Pietro. Seu ato egoísta e covarde de te empurrar na direção do monstro, enquanto ele corre para a saída, deixa você sem escolha senão enfrentar a ameaça iminente.</p><p>\r\nO monstro cego, agora a poucos metros de distância, emite vocalizações guturais e avança rapidamente em sua direção. Suas garras afiadas reluzem na luz tênue da câmara subterrânea.\r\n</p></div>', 'crredorestreitoescuro.jpg'),
(60, '<div class=\"texto\"><p>Você saca uma adaga de sua bolsa, e se prepara para o combate, você nunca foi um bom guerreiro, mas é a sua única escolha para sobreviver.\r\n</p><p>\r\nA luta é intensa, com você utilizando toda a sua determinação para se esquivar das garras do monstro. Mesmo sem saber, você confia em seus instintos e na audição para antecipar os movimentos do adversário.\r\n</p><p>\r\nO monstro prepara um golpe potente, você precisa pensar rapidamente para onde esquivar para sobreviver, o golpe vem da direita para a esquerda.\r\n</p></div>', 'crredorestreitoescuro.jpg'),
(61, '<div class=\"texto\"><p>Você se agacha e consegue se esquivar do golpe, e logo em sequência contra ataca com uma estocada no peito do monstro.\r\n</p><p>\r\nO monstro sente o golpe, e grune para você, após isto ele lhe ataca e te deixa ferido. \r\n</p><p>\r\nVocê sente que a batalha é impossível de ser vencida, porém não desiste.\r\n</p></div>', 'crredorestreitoescuro.jpg'),
(62, '<div class=\"texto\"><p>Com muita confiança, você parte para cima do monstro e tenta acerta-lo no rosto com a adaga, o monstro rapidamente apara o seu golpe, fazendo com que você perca o seu equilíbrio e acabe soltando a adaga.\r\n</p><p>\r\nO monstro prepara um novo ataque.\r\n</p></div>', 'crredorestreitoescuro.jpg'),
(63, '<div class=\"texto\"><p>Um ataque veloz e furioso é feito, você pula para o lado e acaba sendo atingido novamente, porém apenas de raspão, rapidamente observa a sala em busca de algo para utilizar como arma.\r\n</p><p>\r\nVocê encontra um estandarte com um brasão da cidade, e sem pensar duas vezes pega e aponta para o monstro.\r\n</p><p>\r\nVocê - Não vou ceder, não ainda!!\r\n</p><p>\r\nO monstro parte pra cima de você, e quando ele chega muito perto, você enfia a ponta do estandarte no peito do monstro, que atravessa o corpo do mesmo, ele ruge de dor, mas com uma resistência sobre humana, o monstro continua vivo e te crava as garras, te deixando fatalmente ferido.\r\n</p><p>\r\nEm um ato desesperado, você empurra a estandarte mais a fundo no peito do monstro, fazendo com que finalmente ele ceda e caia no chão.\r\n</p><p>\r\nVocê acaba morrendo logo em seguida, vítima dos graves ferimentos causados pelo monstro.\r\n</p></div><div class=\"morte\"><p>\r\nNinguém nunca soube como você morreu, e todos deram você como desaparecido.\r\n</p></div>', 'crredorestreitoescuro.jpg'),
(64, '<div class=\"texto\"><p>Sem sucesso, a distância da queda foi considerável e você não consegue voltar ao andar que estava.</p></div>', 'crredorestreitoescuro.jpg'),
(65, '<div class=\"texto\"><p>Você continua o caminho, os passos cessaram, e sem que você saiba, ele já estava junto a você.\r\n</p><p>\r\nAlgo te ataca pelas costas, e sem que você possa esboçar qualquer reação, você é cruelmente morto.\r\n</p></div>\r\n<div class=\"morte\">\r\nFIM DE JOGO.</div>\r\n', 'crredorestreitoescuro.jpg'),
(66, '<div class=\"texto\"><p>Você permanece escondido e espera o monstro ir para outra sala.\r\n</p><p>\r\nVoce ainda sem saber nem ao menos onde esta, continua avançando pelas salas.\r\n</p></div>', 'crredorestreitoescuro.jpg'),
(67, '<div class=\"texto\"><p>Você tenta correr até a saída mesmo assim, porém o monstro é mais rápido que você e lhe atinge em cheio nas costas e logo em seguida dilacera seus membros.\r\n</p></div><div class=\"morte\"><p>FIM DE JOGO.</p></div>', 'crredorestreitoescuro.jpg'),
(68, '<div class=\"texto\"><p>Você se esquiva para a esquerda, porém o golpe vem com tudo e te atinge quase que em cheio no rosto, você cai no chão e é devorado pelo monstro.\r\n</p></div>\r\n<div class=\"morte\"><p>FIM DE JOGO.</p></div>', 'crredorestreitoescuro.jpg'),
(69, '<div class=\"texto\"><p>Você decide agir e joga a adaga em direção ao monstro. A lâmina cortante corta o ar, mirando uma área vital do monstro, porém o monstro se protege com os braços, que é onde atinge a adaga, desarmado e indefeso, o monstro agora parte para cima de você.\r\n</p></div>', 'crredorestreitoescuro.jpg'),
(70, '<div class=\"texto\"><p>Você tenta bloquear o ataque, porém seu corpo frágil não resiste ao ataque e você é partido ao meio.\r\n</p></div>\r\n<div class=\"morte\"><p>FIM DE JOGO.</p></div>', 'crredorestreitoescuro.jpg'),
(71, '<div class=\"texto\"><p>Você joga a sua bolsa com seus itens no monstro, que acaba confundindo a bolsa com você, e ataca, o barulho dos objetos caindo no chão fazem com que o monstro se distraia e perca você\r\n</p><p>\r\nRapidamente você aproveita a oportunidade e parte para a saída.\r\n</p><p>\r\nAo sair para a luz do dia, você vê inúmeros corpos recentes e outros em decomposição no chão, e médicos tentando ajudar os cidadãos, o seu tempo acabou, a doença se espalhou, e atingiu grande parte da cidade, não há mais nada que você possa fazer para ajudar.\r\n</p></div>\r\n<div class=\"neutro\"><p>FIM DE JOGO.</p></div>', 'crredorestreitoescuro.jpg'),
(72, '<div class=\"texto\"><p>Você consegue pegar a adaga no chão, mas o monstro te agarra e lhe encara profundamente, com a outra mão ele abre a mão para esmagar sua cabeça\r\n</p><p>\r\nEm um ato instintivo, você joga a adaga no ouvido do monstro, fazendo com que ele lhe solte quase imediatamente e fique atordoado.\r\n</p><p>\r\nVocê aproveita a oportunidade e foge do local, ao sair para a luz do dia, você vê inúmeros corpos no chão, o seu tempo acabou, a doença se espalhou, e atingiu grande parte da cidade, não há mais nada que você possa fazer.\r\n</p></div><div class=\"neutro\"><p>FIM DE JOGO.</p></div>', 'crredorestreitoescuro.jpg'),
(73, '<div class=\"texto\"><p>você opta por ir primeiro, avançando corajosamente pelo corredor estreito e frágil. A luz fraca à frente revela uma porta estranha, aumentando ainda mais o mistério.</p><p>\r\nAo chegar à porta, você percebe que ela está entreaberta. Com cautela, empurra-a lentamente para ver o que se encontra do outro lado. A cena que se desvela é surpreendente: um laboratório clandestino com frascos misteriosos, instrumentos de alquimia e anotações sobre a peste negra.</p><p>\r\nDe repente, um som estranho ecoa no laboratório, e uma figura encapuzada emerge das sombras.</p><p> \r\nO indivíduo, aparentemente surpreso por sua presença, revela ser um alquimista que estava tentando encontrar uma cura para a peste negra e que fazia muitos experimentos no laboratório.</p><p>\r\nVocê decide perguntar ao alquimista, pedindo explicações sobre suas descobertas e a possível cura para a peste negra.</p><p>\r\nEle explica que descobriu uma combinação de ervas e substâncias que, quando combinadas de maneira específica, mostraram alguma ajuda contra os efeitos da peste, porém não passava disso.</p><p>\r\nVocê pede para que o alquimista acompanhe você até o alojamento dos médicos, para compartilhar a pesquisa dele.</p><p>\r\nEle aceita de primeira, porém Pietro se opõe e diz.</p><p>\r\nPietro - Foi muito legal a aventura e tudo mais Matteo, mas essas pesquisas vão ficar para mim, me entregue estes pergaminhos alquimista, isto vai valer um bom dinheiro.</p><p>\r\nVocê -  O que deu com você Pietro, nós somos amigos, meu pai te adorava, por que agir assim ?</p><p>\r\nPietro - Amigos ? eu tive que te suportar todo esse tempo, meu único objetivo era sair com alguma pesquisa que desse lucro para mim, chega de papo furado, me entreguem os pergaminhos.\r\n</p></div>', 'crredorestreitoescuro.jpg'),
(74, '<div class=\"texto\"><p>Pietro saca uma cimitarra e ameaça vocês.\r\n</p><p>\r\nEnquanto isto o alquimista lhe entrega uma espada em suas mãos.\r\n</p><p>\r\nAlquimista - Pegue, você deve saber usar melhor do que eu.\r\n</p><p>\r\nPietro - Você vai me atacar ? Você tem certeza disso ?\r\n</p><p>\r\nVocê, trêmulo e com medo, sabe que é a única maneira.\r\n</p><p>\r\nVocê - Você não está me dando muitas escolhas…\r\n</p><p>\r\nEle parte para cima de você, e te ataca, Pietro é mais experiente que você em batalhas, por isso ele se sobressai e acaba te acertando bons golpes.\r\n</p><p>\r\nA cada golpe bloqueado, você chama ele de traidor e pergunta o por que, Pietro prepara um ataque de baixo para cima para tentar te matar.\r\n</p></div>', 'crredorestreitoescuro.jpg'),
(75, '<div class=\"texto\"><p>Você bloqueia o ataque de Pietro, porém a força realizada por ele é muito grande, e você acaba ficando com a guarda aberta, ele chuta seu peito e você cai no chão.\r\n</p><p>\r\nPietro então prepara para furar seu peito com a cimitarra, e quando você pensa que tudo acabou, o alquimista empurra Pietro, fazendo com que Pietro deixe cair a espada e perca o equilíbrio.\r\n</p><p>\r\nVocê rapidamente levanta e parte para cima de Pietro que está desarmado, você tenta atacá-lo, porém ele esquiva e te contragolpea com um soco e em seguida te agarra, te levando para a parede.\r\n</p><p>\r\nEle começa a te enforcar, e você, com poucas opções retira uma adaga de sua bolsa, e golpeia a barriga de Pietro, que te solta e recua.\r\n</p><p>\r\nMesmo ferido, Pietro pega a cimitarra que havia deixado cair, e parte para cima de você novamente com ódio nos olhos.\r\n</p></div>', 'crredorestreitoescuro.jpg'),
(76, '<div class=\"texto\"><p>Você consegue se esquivar quase que perfeitamente, porém acaba sofrendo um leve corte no processo.\r\n</p><p>\r\nEncurralado, você pega alguma das substâncias engarrafadas da mesa do alquimista, e joga no Pietro que quase instantaneamente parte a garrafa com a espada, porém restos da substância acertam o rosto de Pietro, que começa a queimar devido a uma reação química desconhecida.\r\n</p></div>', 'crredorestreitoescuro.jpg'),
(77, '<div class=\"texto\"><p>Pietro - (Grunhindo de dor) Nós não somos muito diferentes, quem diria que você teria coragem de tirar a vida de outro homem.. hehe..</p><p>\r\nVocê - Não me compare a você.\r\n </p><p>\r\nVocê pega a espada do chão, e perfura Pietro, matando-o.\r\n</p><p>\r\nApós isto, você e o alquimista retornam para o alojamento dos médicos da cidade a tempo, talvez ainda haja esperança de conter a doença.\r\n</p></div>\r\n<div class=\"bom\">FIM DE JOGO.</div>', '_ac872409-2627-4e4d-ab31-b26eceb4d84e.jpg'),
(78, '<div class=\"texto\"><p>Pietro - (Grunhindo de dor) Nós não somos muito diferentes, quem diria que você teria coragem de tirar a vida de outro homem.. hehe..</p><p>\r\nVocê - Não vou te matar, não há o porque, você pode mudar.\r\n</p><p>\r\nApós isto, você e o alquimista retornam para o alojamento dos médicos da cidade a tempo, talvez ainda haja esperança de conter a doença.\r\n</p><p>\r\n</p></div>\r\n<div class=\"bom\">FIM DE JOGO.</div>', '_ac872409-2627-4e4d-ab31-b26eceb4d84e.jpg'),
(79, '<div class=\"texto\"><p>Você rapidamente tenta aparar o ataque com sua espada, porém sua falta de habilidade com espadas acaba pesando, e você erra o tempo da defesa e tem seu peito perfurado por Pietro.\r\n</p></div>\r\n<div class=\"morte\"><p>Fim de Jogo.</p></div>', '_ac872409-2627-4e4d-ab31-b26eceb4d84e.jpg'),
(80, '<div class=\"texto\"><p>Com um movimento rápido e preciso, você decide ignorar a defesa e parte para um ataque direto. A lâmina da espada corta o ar em direção ao corpo de Pietro. Surpreso com a sua ousadia, ele tenta desviar, mas não rápido o suficiente.</p><p>\r\nA ponta da sua espada encontra o corpo de Pietro, perfurando sua roupa e penetrando na carne, um gemido de dor escapa dos lábios dele enquanto você retira a espada, deixando-o ferido. Pietro recua, segurando a ferida, surpreendido pela sua ação.</p><p>\r\nVocê, aproveitando a vantagem momentânea, tenta argumentar novamente:<br>\r\nVocê - Pietro, não precisamos lutar. Por que está fazendo isso? Lembre-se do propósito de nossa missão.</p><p>\r\nPietro, segurando sua ferida e respirando pesadamente, olha para você com uma mistura de raiva e dúvida. Vocês estão no meio de uma situação tensa, mas há uma pausa momentânea na luta.</p><p>\r\nPietro - Não pense que isso acabou. Eu não vou deixar vocês ficarem com aquelas pesquisas.</p><p>\r\nAlquimista - Pietro, você pode não concordar comigo, mas essas pesquisas podem trazer benefícios para todos. Não deixe a ganância nublar seu julgamento.</p><p>Pietro, ainda segurando a ferida, parece estar considerando as palavras do alquimista. Ele abaixa a cimitarra, mas a tensão no ar permanece palpável.</p><p>\r\nPietro - Eu quero uma parte dos lucros, e não quero mais nada com vocês. Entendido?</p><p>\r\nVocê e o alquimista trocam olhares, aceitando a condição de Pietro como um meio de encerrar o conflito. O alquimista concorda com um aceno de cabeça, mostrando que aceita os termos.\r\n</p></div>', '_ac872409-2627-4e4d-ab31-b26eceb4d84e.jpg'),
(81, '<div class=\"texto\"><p>Pietro se afasta, ainda lançando olhares hostis, mas a violência iminente parece ter sido evitada. Vocês recolhem os pergaminhos e decidem seguir em frente de volta ao alojamento dos médicos, o futuro é incerto, mas, por enquanto, a paz prevalece.</p><p>\r\nTalvez ainda haja esperança de conter a doença…\r\n</p></div><div class=\"neutro\"><p>FIM DE JOGO.</p></div>', '_ac872409-2627-4e4d-ab31-b26eceb4d84e.jpg'),
(82, '<div class=\"texto\"><p>Você decide chamar a Sofia para ir junto e pede para Pietro que tome conta das pesquisas enquanto vocês se ausentarem.\r\n</p><p>\r\nSofia concorda com um sorriso no rosto em acompanhá-lo até a residência infestada de ratos, vocês se preparam, pegam algumas ferramentas médicas que podem ser úteis e seguem pelo caminho de paralelepípedos estreitos da cidade medieval.\r\n</p><p>\r\nO mapa que lhes foi entregue estava errado e vocês acabam chegando em outra residência do lado oposto da cidade, porém notam que os sinais de atividade de ratos são evidentes nesta casa também. Há fios roídos, excrementos e até mesmo alguns roedores escondidos nos cantos escuros. Sofia, apesar do cenário desafiador, demonstra coragem ao seu lado.\r\n</p><p>\r\nAo chegarem à casa, vocês notam que a arquitetura é antiga, e a madeira da casa já está se decompondo, e não há sinal de movimentação. Decidem entrar com cautela, prontos para enfrentar qualquer ameaça.\r\n</p><p>\r\nAdentrar a residência com cuidado, Sofia e você empurram lentamente a porta que range em protesto, o interior está escuro, mas uma fraca luz do lado de fora revela a silhueta de móveis cobertos por panos.</p><p>\r\nEnquanto exploram a casa, vocês começam a notar indícios de atividade de ratos. Fezes espalhadas pelo chão e pequenas marcas de mordida em alguns móveis indicam que a infestação pode ser real. A tensão aumenta à medida que avançam pelos corredores.</p><p>\r\nDe repente, ouvem um ruído vindo de um dos quartos. Parece ser um som arrastado, como se algo estivesse sendo movido pelo chão.\r\n</p></div>', '_ac872409-2627-4e4d-ab31-b26eceb4d84e.jpg'),
(83, '<div class=\"texto\"><p>Você e Sofia se aproximam cautelosamente. A porta range quando é aberta, revelando um quarto aparentemente vazio. No entanto, uma mesa virada e alguns objetos deslocados chamam a atenção.</p><p>\r\nEnquanto examinam mais de perto, uma sombra repentina corre pela parede. Vocês se voltam na direção do movimento, e é então que veem: um grupo de ratos, notavelmente maiores e mais robustos do que o comum, movendo-se rapidamente pelo chão.</p><p>\r\nPercebendo que esses ratos podem ser cruciais para encontrar uma solução para a infestação, Sofia sugere:<br>\r\nSofia - Vamos tentar capturar um deles vivo. Talvez esses ratos tenham alguma resistência ou imunidade à praga.</p><p>\r\nDecidindo tentar capturar um rato vivo, você e Sofia improvisam uma estratégia usando um pedaço de pano e uma pequena caixa. Com movimentos lentos e precisos, tentam encurralar um dos ratos maiores, mantendo a calma diante da ameaça.</p><p>\r\nEnquanto trabalham juntos, os ratos percebem a movimentação e ficam alertas. No entanto, a sua abordagem cuidadosa permite que vocês capturem um dos ratos vivos com êxito, sem causar alarme ou provocar uma reação agressiva.</p><p>\r\nCom o rato capturado, vocês observam com curiosidade e cautela. Talvez este pequeno ser seja a chave para entender e possivelmente combater a praga que assola a cidade.</p><p>\r\nEnquanto vocês seguram o rato capturado, um som estranho ecoa pela casa. Parece um rangido e arrastar de algo pesado. Uma sombra escura se move rapidamente pelos cantos do corredor, sugerindo que há algo mais nesta casa além dos ratos.\r\n</p></div>', '_ac872409-2627-4e4d-ab31-b26eceb4d84e.jpg'),
(84, '<div class=\"texto\"><p>Decidindo investigar o som misterioso, você e Sofia avançam pelo corredor na direção do ruído. A escuridão torna-se mais densa à medida que se afastam da luz que entra pelas janelas. O rangido e arrastar persistem, aumentando a ansiedade no ar.</p><p>\r\nAo chegarem ao final do corredor, descobrem uma porta entreaberta. Empurrando-a lentamente, revela-se um porão escuro e úmido. O som parece vir de lá.</p><p>\r\nDecidindo descer para o porão e investigar, você e Sofia iluminam o escuro com tochas improvisadas. A escadaria é empoeirada e o ar está impregnado com um cheiro úmido e desconfortável. Ao chegar ao porão, vocês descobrem uma sala abarrotada de velhas caixas, barris e objetos empoeirados.</p><p>\r\nO som agora está mais claro, revelando-se como se algo pesado estivesse sendo arrastado no chão. Vocês seguem o som até encontrar um barril especialmente grande. Ao movê-lo, descobrem uma entrada secreta para um túnel subterrâneo\r\n</p></div>', '_ac872409-2627-4e4d-ab31-b26eceb4d84e.jpg'),
(85, '<div class=\"texto\"><p>Decidindo explorar o túnel subterrâneo, você e Sofia adentram o desconhecido. O túnel é estreito e úmido, com paredes de pedra bruta. A luz das tochas revela um caminho sinuoso que se estende além do alcance da visão. À medida que avançam, o som de arrastar torna-se mais audível.</p><p>\r\nApós algum tempo de caminhada, vocês se deparam com uma câmara subterrânea. No centro, quatro figuras encapuzadas e curvadas estão ocupadas realizando algum tipo de ritual estranho. Ao redor, corpos de ratos comuns estão dispostos em padrões complexos e diversos caldeirões estão sendo aquecidos por condução térmica.</p><p>\r\nVocê e Sofia se aproximam com cautela. O som de seus passos ecoa na câmara subterrânea, uma das pessoas encapuzada para o ritual e se vira na direção de vocês.</p><p>\r\nAo levantar o capuz, revela-se uma mulher de aparência envelhecida de cabelos brancos, com olhos intensos e cansados. Ela fala com uma voz rouca:<br>\r\nMulher Encapuzada - Vocês não deveriam estar aqui. Este é um local sagrado, e meus rituais são necessários para manter o equilíbrio.</p><p>\r\nAntes que você possa fazer alguma pergunta, ela levanta a mão, sinalizando para que parem de avançar. No entanto, as outras três outras figuras encapuzadas emergem das sombras ao redor. </p><p>\r\nMulher Encapuzada - O que você faz com uma de minhas criaturas em suas mãos?</p><p>\r\nVocê - Nós precisamos, pois acredita-se que este rato tenha criado alguma resistência contra a peste, somos médicos, você pode confiar na gente.</p><p>\r\nA mulher encapuzada, ao ouvir sobre a intenção de levar o rato imune para os médicos da cidade, expressa desconfiança em relação à medicina convencional.\r\n</p><p>\r\nMulher Encapuzada - Os médicos da cidade não compreendem a verdadeira natureza da praga. Acham que podem resolver tudo com poções e preparados. Mas não percebem o poder que está em nossas mãos.\r\n</p></div>', '_ac872409-2627-4e4d-ab31-b26eceb4d84e.jpg'),
(86, '<div class=\"texto\"><p>Diante dessa descrença, ela aponta para os ratos imunes e continua:\r\n<br>\r\nMulher Encapuzada - Esses ratos são a chave, e eu continuarei meus rituais para mantê-los sob controle.</p><p>\r\nMulher Encapuzada - Levar os ratos para os médicos não resolverá nada. Eles não compreendem o verdadeiro poder que está em nossas mãos. Estes ratos são a chave para manter a praga sob controle.</p><p>\r\nAs figuras encapuzadas ao redor permanecem alertas, observando cada movimento. Agora, vocês têm que decidir como lidar com essa resistência.\r\n</p></div>', '_ac872409-2627-4e4d-ab31-b26eceb4d84e.jpg'),
(87, '<div class=\"texto\"><p>Decidindo insistir na colaboração, você argumenta com a mulher encapuzada sobre a importância de unir forças para enfrentar a praga. Tenta convencê-la de que os médicos, apesar de suas limitações, podem contribuir para encontrar uma solução.</p><p>\r\nVocê - Acredito que, juntos, podemos encontrar uma maneira de combater essa praga. Os médicos podem ter conhecimentos que, somados aos seus rituais, nos darão uma chance real de sucesso.</p><p>\r\nA mulher encapuzada permanece cética, mas por um breve momento, pareceu ponderar sobre suas palavras, as figuras encapuzadas ao redor também observam com atenção.</p><p>\r\nMulher Encapuzada - Leve o rato, mas saibam que estou fazendo isso pela cidade, não pelos médicos.</p><p>\r\nCom essa concessão, vocês recebem permissão para levar o rato imune. Ao deixar o local, carregando o rato, vocês decidem retornar aos médicos da cidade para entregar a amostra viva.</p><p>\r\nO futuro da cidade permanece incerto, mas talvez a colaboração entre vocês possa oferecer uma esperança real contra a praga.\r\n</p></div><div class=\"bom\"><p>FIM DE JOGO.</p></div>', '_ac872409-2627-4e4d-ab31-b26eceb4d84e.jpg'),
(88, '<div class=\"texto\"><p>Ao tentar retornar com o rato imune, você percebe que o clima na cidade piorou consideravelmente, uma atmosfera de desconfiança e medo domina as ruas.</p><p>\r\nAo se aproximar do “clube” de médicos, você é interceptado por uma patrulha de guardas da cidade. Eles expressam desconfiança em relação a qualquer pessoa carregando ratos.</p><p>\r\nGuarda da Cidade - O que você tem aí? Ratos? Em tempos como estes, não podemos permitir que espalhem mais doenças.\r\nVocê - Estes são resistentes à doença, nós fomos pegá-los em nome do alojamento dos médicos, por favor, deixe-nos passar.\r\nGuarda - Assim seja, eu não sou pago o suficiente para sair por aí lutando com qualquer um.\r\n</p><p>\r\nAo entregar os ratos imunes e compartilhar suas descobertas, você percebe que o clima no clube não é tão receptivo quanto você esperava.\r\nOs médicos, sobrecarregados pela pressão da praga e dos desafios da cidade, recebem os ratos com uma expressão mista de esperança e desespero.</p><p>\r\nSaint Preux - Finalmente retornaram, as coisas estão ruins, a situação é grave, não sabemos se teremos recursos ou tempo suficiente para conduzir pesquisas detalhadas.</p><p>\r\nOs médicos começam a trabalhar nas amostras, mas você sente uma atmosfera de incerteza no ar. O futuro da cidade permanece incerto, com a praga continuando a se espalhar.\r\n</p></div><div class=\"ruim\"><p>FIM DE JOGO.</p></div>', '_ac872409-2627-4e4d-ab31-b26eceb4d84e.jpg'),
(89, '<div class=\"texto\"><p>As figuras encapuzadas, aparentemente adeptas de práticas místicas, podem ter habilidades e recursos imprevisíveis.</p><p>\r\nNo momento em que você desenha suas armas ou toma uma atitude agressiva, a mulher encapuzada ergue a mão em um gesto de advertência.</p><p>\r\nMulher Encapuzada - Não busquem a violência. Este lugar é protegido por forças que vocês não compreendem.</p><p>\r\nAs figuras ao redor se preparam, e a tensão no ambiente aumenta. Se você persistir na decisão de iniciar um combate, as consequências podem ser graves.\r\n</p></div>', '_ac872409-2627-4e4d-ab31-b26eceb4d84e.jpg'),
(90, '<div class=\"texto\"><p>Você, que estava prestes a sacar uma adaga, foi interrompido quase instantaneamente.\r\n</p><p>\r\nSofia - Ei, a gente não precisa disso, podemos resolver na conversa, você não é assim.</p><p>\r\nVocê - Tem razão, não sei o que deu em mim.</p><p>\r\nMulher Encapuzada - Mudaram de ideia ?\r\nA mulher encapuzada, ainda desconfiada, observa enquanto vocês se afastam.</p><p>\r\nMulher Encapuzada - Voltem para a superfície. Levem o rato, mas não esperem que a medicina tradicional seja a solução para tudo.</p><p>\r\nAo seguir a orientação da mulher encapuzada e deixar o local sem iniciar um combate, vocês carregam o rato imune consigo. O destino da cidade permanece incerto, com diferentes perspectivas sobre como lidar com a praga.\r\n</p></div><div class=\"neutro\"><p>FIM DE JOGO.</p></div>', '_ac872409-2627-4e4d-ab31-b26eceb4d84e.jpg'),
(91, '<div class=\"texto\"><p>Decidindo agir pacificamente, você argumenta com a mulher encapuzada sobre a importância de unir forças para enfrentar a praga. Tenta convencê-la de que os médicos, apesar de suas limitações, podem contribuir para encontrar uma solução.</p><p>\r\nVocê - Acredito que, juntos, podemos encontrar uma maneira de combater essa praga. Os médicos podem ter conhecimentos que, somados aos seus rituais, nos darão uma chance real de sucesso.</p><p>\r\nA mulher encapuzada permanece cética, mas por um breve momento, parece ponderar sobre suas palavras, as figuras encapuzadas ao redor também observam com atenção.</p><p>\r\nMulher Encapuzada - Leve o rato, mas saibam que estou fazendo isso pela cidade, não pelos médicos.</p><p>\r\nCom essa fala, vocês recebem permissão para levar o rato imune. Ao deixar o local, carregando o rato, vocês decidem retornar aos médicos da cidade para entregar a amostra viva.</p><p>\r\nO futuro da cidade permanece incerto, mas talvez a colaboração entre vocês possa oferecer uma esperança real contra a praga.\r\n</p></div><div class=\"bom\"><p>FIM DE JOGO.</p></div>', '_ac872409-2627-4e4d-ab31-b26eceb4d84e.jpg'),
(92, '<div class=\"texto\"><p>Rapidamente, vocês deixam a casa, evitando possíveis desafios desconhecidos. Correm pelas ruas até chegarem ao alojamento dos médicos, entregando a amostra viva para eles.</p><p>\r\nOs médicos, ao receberem o rato imune, expressam gratidão e otimismo renovado para avançar nas pesquisas. Embora a cidade ainda enfrente desafios, agora há uma chance real de encontrar uma solução para a praga.</p><p>\r\nAssim, a história chega a um momento de esperança, com o potencial de um futuro mais brilhante para a cidade atormentada pela infestação de ratos e pela misteriosa praga.\r\n</p></div><div class=\"bom\"><p>FIM DE JOGO.</p></div>', '_ac872409-2627-4e4d-ab31-b26eceb4d84e.jpg'),
(93, '<div class=\"texto\"><p>26 de Novembro de 1347</p><p>\r\nEra um dia chuvoso, um dia de outono. Os trovões eram fortes, crianças estavam chorando, pois as mães as assustavam dizendo que Deus estava zangado com algo, e havia deixado que as trevas reinassem sobre a terra. As folhas espalhadas no chão, faziam um tapete molhado na estrada, as carroças e os cavalos andavam rápido mas com dificuldade.\r\n </p><p>\r\nNicola - Vamos lá, não pare agora Eros! Estamos quase chegando.\r\n</p><p>\r\nNicola andava a cavalo, estava a alguns minutos de chegar em casa. O animal já estava cansado e ofegante. Chegando perto ele começou a tossir, parou o cavalo, e começou a cuspir sangue, que logo se misturou com a água da chuva. Achou isso muito estranho, mas continuou até chegar em casa.\r\n</p><p>\r\nEle estava quase entrando no campo, rapidamente seu filho abriu o portão de madeira, e ele entrou.\r\n</p><p>\r\nMatteo Vincenzo -  Pai! Já estava com saudades, dois meses é mais do que parece.</p><p>\r\nNicola - Seja forte! Chegaram dias em que eu não estarei mais aqui, mas, seja forte!\r\n	</p><p>\r\nNicola estava com medo de talvez estar doente, ou infectado. </p><p>\r\nEle entrou na casa, se arrumou e sentou-se à mesa com toda a família. Pediu para que ninguém chegasse perto dele, pois havia entrado em contato com pessoas doentes, mas não falou nada que estava talvez estivesse infectado.\r\n</p></div>', '_ac872409-2627-4e4d-ab31-b26eceb4d84e.jpg'),
(94, '<div class=\"texto\"><p>Nicola - Matteo, amanhã vá para a minha área de estudos. Preciso conversar com você!<br>\r\nMatteo - Sim senhor.\r\n</p><p>\r\n26 de Novembro de 1347</p><p>\r\nEra cinco horas da manhã, a chuva já havia passado, os pássaros cantando, e os animais se estabilizando depois de uma chuva forte. Matteo acordou, fez suas tarefas do campo, e foi para a área de estudos de seu pai.</p><p>\r\nChegando lá, entrou no lugar e viu que havia sangue no chão em frente a porta de seu pai. Preocupado e ao mesmo tempo com medo, Matteo abre a porta e vê seu pai sem a parte de cima de sua roupa. Uma mancha preta parecia começar a surgir em suas costas. Quando seu pai viu que Matteo havia visto, colocou rapidamente sua roupa.\r\n</p><p>\r\nMatteo - O que era essa mancha em seu corpo?<br>\r\nNicola - Não é nada!<br>\r\nMatteo - Como assim não é nada!? O senhor está doente? <br>\r\nNicola - Não chegue perto! O Sul está sendo tomado por essa doença.<br>\r\nMatteo - Que doença?<br>\r\nNicola - Muitos a chamam de peste negra. Pelo que vimos é transmitida por um certo tipo de picadas. Inclusive já temos alguns casos isolados pelos arredores, em Roma.<br>\r\nMatteo - Porque este nome?<br>\r\nNicola - As pessoas ficam cheias de bolas pretas com pus espalhadas perto dos lugares em que houve a picada, porém não há nenhum relato de mordidas de ratos.<br>\r\nMatteo - Interessante. Mas, o senhor foi contaminado?<p>\r\n\r\n	E com um ar de desesperança, Nicola respondeu:\r\n</p>\r\nNicola - Sim!<br>\r\nMatteo - Até quando iria esconder isso de nós!? E se o senhor morrer!?<br>\r\nNicola - Eu não sei, é por isso que voltei, e pelos poucos casos que vimos, as pessoas morrem muito rápido.<br></div>', '_ac872409-2627-4e4d-ab31-b26eceb4d84e.jpg'),
(95, '<div class=\"texto\"><p>E agora você se encontra com seu pai entre duas escolhas, contar para toda sua família que estava doente e somente esperar a morte chegar aproveitando o pouco tempo de vida que ainda sobrava, ou esconder isso de sua família para que não houvesse controvérsias e correr atrás de uma solução para que seu pai consiga se recuperar.\r\n</p></div>', '_ac872409-2627-4e4d-ab31-b26eceb4d84e.jpg'),
(96, '<div class=\"texto\"><p>Matteo pega suas coisas e sai da sala, decidindo então voltar para casa e desistir de salvar seu pai. Depois de alguns dias seu pai morre, e todos eles ficam decepcionados.\r\n</p></div><div class=\"morte\"><p>FIM DE JOGO.</p></div>', '_ac872409-2627-4e4d-ab31-b26eceb4d84e.jpg'),
(97, '<div class=\"texto\"><p>Matteo olha para seu pai e diz:\r\n</p><p>\r\nMatteo - Não vou deixar nada de ruim acontecer! O que podemos fazer?<br>\r\nNicola - Falei com alguns médicos e nós iremos nos reunir o mais rápido possível para que tentemos resolver isso.<br>\r\nMatteo - Me deixe ir com você?<br>\r\nNicola - Não posso, é muito perigoso. Já não basta eu estar doente. <br>\r\nMatteo - Quando o senhor irá?<br>\r\nNicola - Combinamos de nos encontrar em 5 Janeiro.<br>\r\nMatteo - Tá bem então!<br>\r\n</p><p>\r\nPassou-se alguns dias e Nicola foi piorando, todos os dias eles iam estudando, mas a cada dia Nicola ia piorando, não havia mais como esconder de sua família.\r\n</p><p>\r\n1 de Dezembro de 1347</p><p>\r\nNicola ficou de cama, estava deitado em seu quarto, já com bolhas pretas no corpo. Matteo só chegava perto de seu pai com um pano no rosto, e quando chegou mais perto dele, seu pai com a voz já fraca fala seu nome. Rapidamente Matteo olha para ele e diz:</p><p>\r\n\r\nMatteo - O que foi pai?<br>\r\nNicola - Não se esqueça disso, na minha área de estudos há algo que eu quero que você entregue para um amigo, ele se chama Pietro. Não conseguirei ir na reunião do dia 5 de Janeiro, quero que você vá!<br>\r\nMatteo - Mas eu não sei nada, eu eu nem sei como tratar de você. <br>\r\nNicola - É hora de você ir, cumprir com uma missão. Não deixe as pessoas que foram infectadas - cof cof cof - morram a cada dia.<br>\r\nMatteo - que coisa é essa que o senhor quer que eu leve? <br>\r\n</p></div>', '_ac872409-2627-4e4d-ab31-b26eceb4d84e.jpg'),
(98, '<div class=\"texto\"><p>Nicola deitado na cama, com a voz fraca, diz:</p><p>\r\n\r\nNicola - Está debaixo de uma parte de madeira do chão em frente à mesa em que estudamos.<br>\r\nMatteo - Tudo bem pai!<br>\r\nNicola - Você partirá em 9 de Dezembro, não há mais tempo para perder.<br>\r\n</p><p>\r\nEntão você fica mais alguns dias cuidando de seu pai, e estudando sobre mais algumas outras coisas.\r\n</p><p>\r\n9 de Dezembro de 1347\r\n</p><p>\r\nVocê cheio de medo, mas determinado, pega suas coisas, pega a carta que seu pai mandou você entregar para Pietro. Junta alguns livros, pega sua mochila, algumas ervas medicinais. Eros, o cavalo de seu pai, e  quando está perto da saída, Pietra sua mãe lhe dá um abraço, um beijo na testa e diz:\r\n</p><p>\r\nPietra - Tenha cuidado, não seja imprudente. Tenho orgulho de você, seu pai também teria!<br>\r\nMatteo - Te amo, não vou desampará-los!\r\n</p><p>\r\nMatteo com sua mochila, cheia de ervas médicas, com várias incertezas em seu coração, e com Eros que muito provavelmente agora seria seu único amigo, e parte para Roma.\r\n</p></div>', '_ac872409-2627-4e4d-ab31-b26eceb4d84e.jpg'),
(99, '<div class=\"texto\"><p>9 de Dezembro de 1347</p><p>\r\nEra somente Matteo e seu fiel companheiro, Eros, seu cavalo, cuja raça era Maremmano. Um cavalo de grande porte, muito usado para serviços pecuários. Iam trotando pela estrada. Até chegarem em Roma.\r\n</p><p>\r\n12 de Dezembro de 1347</p><p>\r\nChegando em Roma depois de uma viagem cansativa, Matteo parou em uma hospedaria. Lá, descanso por mais uma noite.\r\n</p><p>\r\n13 de Dezembro de 1347</p><p>\r\nUma bela manhã de outono. Os pássaros cantando, já era hora de todos saírem para trabalhar, você, acostumado a levantar cedo, já estava de pé procurando onde poderia ficar a casa Pietro. Seguindo o que seu pai havia dito sobre a casa de Pietro, ela ficava um pouco mais para fora da cidade direcionada ao oeste. Você então parte em direção a casa de Pietro, com sua mochila pesada nas costas. Você havia ido somente uma vez para Roma quando ainda era pequeno, então com muita cautela andava nas ruas de Roma. \r\n</p><p>\r\nSem tempo para apreciar a cidade, você continua. Algum tempo depois, você encontra uma casa que era igual às descrições de seu pai, então chega mais perto, bate na porta. Pietro atende a porta e logo reconhece o seu rosto.\r\n</p>Pietro - Matteo!? Como está grande, rapaz.<br>\r\nVocê - Sim.<br>\r\nPietro - Entre!<br>\r\nVocê - Vim para falar sobre meu pai.<br>Pietro - Sim, pode falar.<br>Você - Ele pegou essa nova doença que está por aí, mandou que eu viesse para lhe dar uma carta.\r\n</div>', '_8787d1c4-288e-4db3-9af4-f7176e356e2e.jpg'),
(100, '<div class=\"texto\"><p>Pietro - Nossa, bem que eu havia avisado. Mas ele está bem?<br>\r\nVocê - Ele está muito fraco e não consegue sair da cama. Eu também vim para aprender e estudar com vocês.<br>\r\nPietro - Muito bem então! Eu preciso tratar de umas pessoas e logo mais eu já volto, no andar de cima há uma sala com alguns livros. Se quiser, suba para lá.\r\n</p><p>\r\n	Então você fica lá por algumas semanas.\r\n</p><p>\r\nJá havia passado muito tempo, você já havia tratado de pessoas doentes, e a cada dia, havia mais relatos que morriam mais pessoas no Sul. Você estava quase certo de que o enviaram para o foco da doença para você tratar de pessoas contaminadas com a peste bubônica. Cheio de medos, mas ao mesmo tempo, cheio de esperanças de que poderia achar uma cura ou algo que pudesse ajudar na recuperação de seu pai.\r\n</p><p>\r\n5 de Janeiro de 1348</p><p>\r\nJá fazia um mês que você já não via sua família, a saudade batia, mas você estava focado em cumprir uma missão. Ajudar pessoas, nessa hora, quase toda região da atual Itália estava tomada pela peste negra, em muitos lugares havia revoltas, de rebeldes contra o governo. Então, em uma tarde nublada, os pássaros já estavam se recolhendo, todos já estavam se preparando para uma possível tempestade. Você e Pietro estavam dentro de uma taverna, conversando…\r\n</p><p>\r\nPietro - Bom, você sabe dessas revoltas que estão acontecendo?<br>\r\nVocê - Sim, sei!<br>\r\nPietro - Então, a principal cidade das revoltas é Florença. Eu estive trocando cartas com alguns médicos e vassalos de lá, eles querem que nós vamos para lá. Há uma parte da cidade que foi totalmente deixada, colocada em quarentena, porém, lá havia um pequeno lugar onde faziam experimentos nas pessoas e dizem ter achado um remédio que pode curar isso, só que os médicos estão começando a ficar mais extintos. Então eu nos dispus a ir, e cumprir esta missão.<br>\r\nVocê - Vamos! Não via a hora de sair, fazer algo que tivesse peso.<br>\r\nPietro - Um homem veio até minha casa e me entregou esta carta, disse que era para você.</p></div>', '_8787d1c4-288e-4db3-9af4-f7176e356e2e.jpg'),
(101, '<div class=\"texto\"><p>Então você pega a carta, e quando abre vê que era de sua mãe, perguntando a você se poderia ir visitá-los, dizendo que era algo de extrema importância. Então neste momento você fica em tomar uma decisão. Continuar e ir para Florença, sem perder tempo, e talvez encontrar uma cura para seu pai, ou ir para casa, ver se seu pai está bem, mas deixar Pietro ir sozinho.\r\n</p></div>', '_8787d1c4-288e-4db3-9af4-f7176e356e2e.jpg'),
(102, '<div class=\"texto\"><p>Você com um peso no coração não vai ver a sua família, então começa a arrumar a sua mochila até que encontra um brinquedo que seu pai havia feito para você quando era pequeno, mas continua com um coração forte, ou que achava estar forte.\r\n</p></div>', '_8787d1c4-288e-4db3-9af4-f7176e356e2e.jpg'),
(103, '<div class=\"texto\"><p>Então você dorme e no outro dia bem cedo, pega sua mochila e sobe em Eros, então vai cavalgando em direção a sua casa.\r\n</p><p>\r\n12 de Janeiro de 1348</p><p>\r\nChegando lá, com o coração apreensivo, entra na parte da frente de sua casa. Vê sua mãe correndo em sua direção com os olhos cheios de lágrimas, você desce do cavalo e ela o abraça, chorando diz que seu pai morreu. Sem poder fazer nada, você só chora. Depois de cumprimentar todos os seus irmãos, você sobre em Eros e vai até onde seu pai estava sepultado, enquanto andava uma chuva torrencial chega, os pingos d’água parecem flechas atingindo o solo, raios violentos estouram perto de você, e a água se junta com as suas lágrimas enquanto andava. Até que depois de um tempo você chega lá, e sem poder fazer nada, somente deixa as coisas acontecerem.\r\n</p><p>\r\nComo não tinha mais como encontrar-se com Pietro, ele volta para casa e volta a ser um camponês.\r\n</p></div><div class=\"neutro\"><p>FIM DE JOGO.</p></div>', '_8787d1c4-288e-4db3-9af4-f7176e356e2e.jpg'),
(104, '<div class=\"texto\"><p>6 de Janeiro de 1348</p><p>\r\nVocê e Pietro com as coisas arrumadas, a cidade cheia de pessoas infectadas, deixa Eros em um estábulo. Com esta peste, a cidade já havia perdido muitas pessoas, então eles pegaram uma charrete e foram a caminho de Florença.\r\n</p><p>\r\nPassando por algumas aldeias cheias de pessoas doentes, com poucas pessoas andando nas ruas. Haviam andado o dia todo, então estavam muito cansados. Então pararam em uma hospedaria, quando entraram no lugar se depararam com várias pessoas dançando no salão. Então todos rapidamente param e olham para vocês, neste momento constrangedor, você diz: “Boa noite!”. E todos continuam olhando, até vocês chegarem no balcão e falarem com a moça atendente.\r\n</p><p>\r\nPietro - Boa noite! Vocês têm quartos disponíveis?</p><p>\r\nE de um jeito macabro ela responde:<br> Moça - Sim! Temos, para vocês, temos!<br>\r\nVocê - Não deviam estar todos em quarentena?<br>\r\nMoça - Não! São dois quartos?<br>\r\nPietro - Sim. <br>\r\nMoça - Aqui estão as chaves.<br>\r\nPietro - Obrigado!<br></p><p>Logo vocês dois sobem as escadas, e Pietro percebe que você está desconfiado, e pergunta a você se está tudo bem. Neste momento, todos eles voltam a dançar.\r\n</p><p>\r\nVocê - Você não achou estranho? Essa dança? O que eles estão fazendo?<br>\r\nPietro - Só estão tentando esquecer dessa matança. Olha, eu estou bem cansado então vou para os meus aposentos. Esqueça disso, descanse um pouco.<br>\r\nVocê - Hmmm.<br>\r\n\r\n</p></div>', '_8787d1c4-288e-4db3-9af4-f7176e356e2e.jpg'),
(105, '<div class=\"texto\"><p>Neste momento vocês entram em seus quartos e você se deita na cama e em meio ao cansaço mas a cama confortável pega no sono.\r\n</p><p>\r\n7 de Janeiro de 1348</p><p>\r\nMadrugada do outro dia, a luz da lua pegava no chão do seu quarto, quando da calmaria da noite você ouve passos na frente de seu quarto, e acorda. Então se encontra em tomar duas decisões.\r\n</p></div>', '_8787d1c4-288e-4db3-9af4-f7176e356e2e.jpg'),
(106, '<div class=\"texto\"><p>Você a sombra de dois pés na fresta da porta.<br>  BUM! BUM! BUM!\r\n</p><p>\r\nPietro - Matteo!\r\n</p></div>', '_8787d1c4-288e-4db3-9af4-f7176e356e2e.jpg'),
(107, '<div class=\"texto\"><p>Você muito assustado abre a porta e era Pietro, havia levantado pela madrugada para beber água e foi ver se você estava bem. Neste momento os dois ouviram um cavalo correndo muito forte e um grito de uma pessoa parecia desesperada vindo de fora. Eles olharam e tiveram que decidir se iriam voltar a dormir ou se iriam ver o que era.\r\n</p></div>', '_8787d1c4-288e-4db3-9af4-f7176e356e2e.jpg'),
(108, '<div class=\"texto\"><p>Vocês voltaram cada um para o seu quarto, com muito medo, mas ao mesmo tempo com total disponibilidade para sair correndo. Então todos voltam a dormir. No outro dia pela manhã, você e Pietro saem dos quartos, e então foram perguntar o que havia acontecido naquela noite. Descendo as escadas, não havia ninguém no salão, chegaram no balcão e só havia um bilhete, dizendo “A morte dança onde quer, fomos dançar, mas já voltamos...”. Assustados com tudo isso, Pietro deixou umas moedas em cima do balcão, pegaram as suas coisas e decidiram seguir em frente.\r\n</p></div>', '_8787d1c4-288e-4db3-9af4-f7176e356e2e.jpg'),
(109, '<div class=\"texto\"><p>Aos poucos, com passos minuciosos no chão de madeira, vocês foram descendo as escadas, no salão não havia ninguém, era como se todos tivessem abandonado tudo e corrido para fora.<br>\r\nQuando abriram as portas e olharam para a rua que ficava à direita deles, viram muitas pessoas dançando, andando pelas ruas da pequena aldeia, com o que parecia bandeiras nas mãos. Gritando e pulando. Nesta hora a moça que havia atendido eles apareceu por trás deles e os assustou dizendo.\r\n</p><p>\r\nMoça - Oi! Querem saber o que é isso?\r\nVocê - Nossa! Que isso?<br>\r\nMoça - Essa é a dança da morte. Ela vem quando quer e vai quando não quer.<br>\r\nVocê - Que?<br>\r\nMoça - Sim, tudo é passageiro. Não se apegue muito com as coisas daqui, elas sempre acabam. E ela sempre vem.<br>\r\nVocê - Ela quem?<br>\r\nMoça - A morte!<br>\r\nPietro - Interessante, mas nós precisamos dormir. Muito obrigado.<br>\r\n</p><p>\r\nDepois disso eles foram dormir mais tranquilos, porém ainda achando tudo muito estranho.\r\n</p><p>\r\nAmanheceu o dia então você e Pietro desconfiados desceram as escadas, e ainda não havia ninguém no salão, chegaram no balcão e só havia um bilhete, dizendo: “A morte dança onde quer, fomos dançar, mas já voltamos...”. Assustados com tudo isso,  Pietro deixou umas moedas em cima do balcão, pegaram as suas coisas e decidiram seguir em frente.\r\n</p></div>', '_8787d1c4-288e-4db3-9af4-f7176e356e2e.jpg');
INSERT INTO `historia` (`id_cena`, `conteudo_historia`, `imagem`) VALUES
(110, '<div class=\"texto\"><p>7 de Janeiro de 1348</p><p>\r\nVocê e Pietro estavam conversando sobre a última noite horrorosa. Passaram alguns dias, tiveram que se hospedar em outras pequenas cidades. </p><p>\r\n\r\n12 de Janeiro de 1348</p><p>\r\nEntão chegaram à famosa Florença, o lugar onde, segundo a atendente, a morte mais gostava de dançar. <br>\r\nChegaram até o lugar onde haviam mandado Pietro se hospedar. Depois disso, eles deveriam ir para um posto médico, então saíram para procurar na cidade. Era um verdadeiro inferno. Enquanto você andava com Pietro nas ruas, observava o vento forte balançando as placas, as folhas caídas no chão, o barulho das garças perto dos rios, as pessoas brigando por pequenos pedaços de pão, um cheiro fortíssimo de carne podre, por conta das reações químicas da decomposição dos corpos boiando nos rios. Haviam muitas casas queimadas, e destruídas. Depois de acharem o posto médico, mandaram eles conversar com as autoridades da cidade.\r\n</p><p>\r\nMandaram que vocês fossem para a casa de uma das autoridades, Quando eles chegaram lá, entraram na casa e nem parecia que lá fora as pessoas estavam brigando por comida. Enquanto uns estavam vivendo de comida podre, outros estavam se esbanjando e dando as melhores carnes para os seus cachorros.\r\n</p><p>Então pediram para que eles se sentassem à mesa. Chega um homem, elegante, senta a mesa e ele pergunta:\r\n</p><p>\r\nHomem - Vocês são Pietro e Matteo?<br>\r\nPietro - Sim. <br>\r\nHomem - Muito bem! Entrem lá e descubram o que conseguiram. Não é um lugar tão perigoso, porém, há muitas pessoas sujas, cheias daquelas coisas pretas no corpo. Mandarei alguns criados para guiar vocês até a vila que está fechada.\r\n</p></div>', '_8787d1c4-288e-4db3-9af4-f7176e356e2e.jpg'),
(111, '<div class=\"texto\"><p>Pietro - Sim, nós já tentamos tratar de algumas pessoas com a peste.<br>\r\nHomem - No momento que entrarem verão um poço, virando para esquerda e seguindo o caminho, chegaram em um posto médico. Chegando lá, entrando no porão, vocês verão algumas prateleiras. No fim dos corredores cheios de prateleiras vocês verão algo que queremos. Uma substância, resultado de reações químicas que estamos estudando escondidos da igreja. Podemos achar uma esperança.<br>\r\nPietro - Não parece ser muito difícil, não vamos decepcioná-los!<br>\r\nHomem - Estão com fome?<br>\r\nPietro - Não.<br>\r\nHomem - Imaginei que não iriam estar, com este cheiro podre no ar.<br>\r\nHomem - Muito bem! Vão!\r\n</p><p>\r\nSaindo da casa andando sobre as folhas secas do quintal, um homem humilde pega a sua mochila e a de Pietro e as coloca em uma charrete. Pede para que vocês subam e os leva até a entrada do local.\r\n</p><p>\r\nChegando lá vocês se deparam a frente do portão do bairro, e percebem o quão macabro era a missão que deram a vocês. O homem desce suas coisas da charrete, entrega a chave do lugar para vocês, e rapidamente sai com a charrete pela estrada.\r\n</p><p>\r\nPietro abre os portões e vocês entram, enquanto andavam naquela rua assustadora, ouviam os sons das placas enferrujadas se balançando nos ares. A cada passo que davam, tudo parecia ficar mais aterrorizante e assustador.\r\n</p><p>\r\nNeste cenário amedrontador, vocês se encontram na frente do poço, e neste mesmo momento você escuta um barulho que ecoa em toda parte, logo você olha para o chão e vê pegadas muito grandes afundadas no barro, em primeiro momento você acha que não era nada, mas no mesmo momento você escuta um barulho de vidro quebrando dentro de uma casa. \r\n</p></div>', '_8787d1c4-288e-4db3-9af4-f7176e356e2e.jpg'),
(112, '<div class=\"texto\"><p>Neste caso, você pergunta a Pietro se ele ouviu o mesmo que você. Pietro responde que sim. Então vocês viram a esquerda e  começam a andar mais rápido. Sem olhar para trás, aumentam a velocidade dos passos. Até que vocês percebem alguns passos, como se fosse mais uma pessoas andando por trás de vocês. Então vocês começam a correr. Em direção ao posto, enquanto correm conseguem ouvir os passos grudando e desgrudando da lama atrás de vocês. \r\n</p><p>\r\nAté que conseguem entrar no posto médico e quando entram, fecham a porta, e pelas janelas sujas conseguem dar uma olhada no que havia lá fora. Era uma mutação, a doença parecia ter ficado mais grave, assim dominando todo o corpo daquela mutação com bolhas. Desse modo o monstro consegue vê-los espiando nas Janelas. E com um pulo quebra os vidros e entra onde vocês estavam escondidos.\r\n</p><p>Pietro - CORRA GAROTO! CORRA!</p>\r\n</div>', '_8787d1c4-288e-4db3-9af4-f7176e356e2e.jpg'),
(113, '<div class=\"texto\"><p>Neste momento Pietro consegue pegar um pedaço de madeira, e sem exitar gruda na cabeça do monstro, você sai correndo por entre as prateleiras naquela sala escura e mofada. Você olha para trás e vê o que parecia um guerreiro com uma espada, Pietro sai correndo em direção a você, enquanto esse guerreiro luta contra aquela aberração mutante.\r\n</p><p>\r\nEntão Pietro abre o porão e enquanto descem no lugar tentando ligar suas lamparinas, o guerreiro é arremessado para dentro do porão deixando sua espada no chão, e em questão de segundos você se joga no chão pega a espada e deitado com a espada para cima vê o monstro de jogar em cima de você, assim cravando a espada em seu peito. Logo a cabeça deste grande monstro amolece sobre você, e encharcado de sangue, é levantado por Pietro. Então no meio dessa adrenalina toda, Pietro diz:\r\n</p><p>\r\nPietro - Mattia?</p><p>\r\n	Mattia levanta a cabeça com muita dor e diz:</p><p>\r\nMattia - Sim, sou eu!<br>\r\nVocê - Você conhece ele?<br>\r\nPietro - Sim! Eu e seu pai o ajudamos uma vez.</p><p>\r\n\r\nNesta hora, vocês três, ainda com medo, mas mais aliviados continuam até a última prateleira, pegam o frasco da substância e conseguem cumprir a missão com êxito. \r\n</p><p>\r\nDepois disso você recebe um título, de um bom médico. Porém volta para casa e percebe que na verdade seu pai já havia morrido.\r\n</p></div><div class=\"neutro\"><p>FIM DE JOGO</p></div>', '_8787d1c4-288e-4db3-9af4-f7176e356e2e.jpg'),
(114, '<div class=\"texto\"><p>Neste momento Pietro consegue pegar um pedaço de madeira e sem exitar gruda na cabeça do monstro, você sai correndo por entre as prateleiras naquela sala escura e mofada. Você olha para trás e vê o melhor amigo de seu pai, que por um tempo também foi seu mentor, ser estraçalhado pelas garras daquele temível monstro.\r\nCom os olhos cheios de lágrimas você continua a sua missão e consegue entrar no porão, lá você encontra uma adaga. Coloca nos bolsos, e continua até achar a substância, quando está quase chegando nas últimas prateleiras, sem muito tempo, o monstro entra no porão e sem limites começa a correr derrubando tudo que havia em seu caminho. Você, um jovem inteligente, mas com muito medo, precisa tomar uma decisão. Enfrentar o monstro com mais de dois metros de altura, ou pegar a substância e fugir, assim conseguindo levar um pouco de esperança para os outros.\r\n</p></div>', '_8787d1c4-288e-4db3-9af4-f7176e356e2e.jpg'),
(115, '<div class=\"texto\"><p>Você consegue pegar a substância, porém quando está tentando achar uma saída o monstro consegue pegá-lo e você morre.\r\n</p></div><div class=\"morte\"><p>FIM DE JOGO.</p></div>', '_8787d1c4-288e-4db3-9af4-f7176e356e2e.jpg'),
(116, '<div class=\"texto\"><p>Você então bola um plano, havia uma chapa de cobre gigante, como uma mesa no meio do lugar. Você coloca essa chapa para esquentar e por meio de condução térmica toda chapa fica muito quente, neste momento você pega vinagre e bicarbonato de sódio, para fazer uma reação virar ácido carbônico, imediatamente se tornando dióxido de carbono, para explodir e fritar o monstro naquela chapa. Você já havia visto que havia uma janela, possível saída. Então em questão de muito pouco tempo, você grita chamando a atenção daquela aberração, enquanto deixava a chapa esquentar, rapidamente mistura toda reação em uma garrafa, e quando o monstro pula sobre a chapa para pegá-lo, você joga a reação no rosto dele, saindo pela janela deixando que ele sofresse lá dentro.\r\n</p><p>\r\nNestas condições, você somente ouve o monstro gritar, enquanto corre em direção à saída do lugar, com lágrimas escorrendo pelo seu rosto, vai chorando pelas pessoas que perdeu nessa grande trajetória.\r\n</p><p>\r\nDepois de conseguir entregar a substância para as autoridades de Florença, cumprindo a sua missão, fica conhecido como uma lenda que lutou contra o monstro bubônico, volta para casa, trazendo esperança de uma possível cura para esta terrível peste.\r\n</p></div><div class=\"bom\"><p>FIM DE JOGO.</p></div>', '_8787d1c4-288e-4db3-9af4-f7176e356e2e.jpg');

-- --------------------------------------------------------

--
-- Estrutura para tabela `usuario`
--

DROP TABLE IF EXISTS `usuario`;
CREATE TABLE IF NOT EXISTS `usuario` (
  `usuario` char(1) NOT NULL,
  `senha` varchar(255) DEFAULT NULL,
  `final` int DEFAULT NULL,
  PRIMARY KEY (`usuario`)
) ENGINE=MyISAM DEFAULT CHARSET=utf8mb4 COLLATE=utf8mb4_0900_ai_ci;

--
-- Despejando dados para a tabela `usuario`
--

INSERT INTO `usuario` (`usuario`, `senha`, `final`) VALUES
('1', '1', NULL),
('a', 'a', NULL),
('e', 'ee', NULL);
COMMIT;

/*!40101 SET CHARACTER_SET_CLIENT=@OLD_CHARACTER_SET_CLIENT */;
/*!40101 SET CHARACTER_SET_RESULTS=@OLD_CHARACTER_SET_RESULTS */;
/*!40101 SET COLLATION_CONNECTION=@OLD_COLLATION_CONNECTION */;
